feature,binary_decision_tree_importance,binary_logistic_regression_importance,binary_random_forest_importance,binary_avg_importance,grouped_decision_tree_importance,grouped_logistic_regression_importance,grouped_random_forest_importance,grouped_avg_importance,all_decision_tree_importance,all_logistic_regression_importance,all_random_forest_importance,all_avg_importance,total_avg,total_avg_scaled
network_packets_dst_count,0.01704725399864523,0.0,0.3151070902970697,0.3321543442957149,0.3893476511791468,0.0,0.382698595149258,0.7720462463284048,0.35863547698416837,0.0,0.287651623854181,0.6462871008383494,0.5834958971541564,0.9999999999999999
network_packet-size_min,0.3193265728324159,0.011723166957082353,0.42001049214034714,0.7510602319298454,0.02451711303190765,0.05847137709808764,0.23197853174199942,0.3149670218719947,0.04035353668909956,0.05897797576805225,0.019490698991374695,0.11882221144852649,0.39494982175012217,0.6766375803870928
network_ports_src_count,0.0001379861030732597,0.11968348351198317,0.0880214812958282,0.20784295091088462,0.007514131743245965,0.2279537536715952,0.10384989057399002,0.33931777598883117,0.010549014705912647,0.31071292366335157,0.22453957492098933,0.5458015132902535,0.36432074672998976,0.6241077582319966
network_window-size_min,0.0033851633055488567,0.014626002970185504,0.04362404820678525,0.06163521448251961,0.06742889500679088,0.09579309558127212,0.23333489315032258,0.3965568837383856,0.19987192922682231,0.09230119918537114,0.23591785538421736,0.5280909837964108,0.32876102733910534,0.5631217266831989
network_tcp-flags-syn_count,0.0,0.26066293502723703,0.021033364836473046,0.2816962998637101,0.012205705262198505,0.09984980297828208,0.07090607274581773,0.18296158098629833,0.08700290442979063,0.19260880401747937,0.1888357112679242,0.4684474197151942,0.31103510018840086,0.5327212069107716
network_ports_dst_has_80,0.0,0.02315578447819996,3.595399479157511e-05,0.023191738472991535,0.0006260909476989182,0.08748509475982075,0.0017712598051981842,0.08988244551271785,0.3535019864371554,0.1302504374810586,0.33065159935248,0.814404023270694,0.30915940241880113,0.5295043265384776
network_packets_all_count,0.001120657721675017,0.0,0.38651302697663636,0.3876336846983114,0.006469590428630521,0.0,0.30429988329732605,0.3107694737259566,0.03177382538814819,0.0,0.1597177459863748,0.191491571374523,0.296631576599597,0.5080187132171397
network_time-delta_std_deviation,0.007321818007537088,0.009723553483641829,0.039890288374644714,0.056935659865823635,0.04258232355770967,0.15274644962463932,0.2205309194479076,0.41585969263025657,0.16382100813370473,0.08477192501120631,0.13549116022497193,0.384084093369883,0.2856264819553211,0.4891446315126209
network_time-delta_avg,0.03408804942582317,0.0,0.06722590928510781,0.10131395871093099,0.05386342111179421,0.0,0.22937299676423573,0.28323641787602993,0.10588853127379436,0.0,0.28324636036106565,0.38913489163486004,0.2578950894072736,0.44158442547621296
network_ports_all_count,0.0,0.0,0.23596436172257618,0.23596436172257618,0.00117711215801904,0.0,0.21504636302454339,0.21622347518256244,0.15402695862882632,0.0,0.16211147160702294,0.31613843023584925,0.2561087557136626,0.43852080729076776
device_type_iot,0.00024141586907103788,0.007508238043921055,0.0032042538049604895,0.010953907717952582,0.02810771578218633,0.20783400800369464,0.3430936888572717,0.5790354126431527,0.003864894974199823,0.08189920791278883,0.06502508978800574,0.1507891926749944,0.24692617101203326,0.42277238717087706
network_window-size_std_deviation,0.001766936222157936,0.0,0.05488540166371803,0.05665233788587597,0.017978010531890385,0.0,0.32536742057876783,0.34334543111065824,0.07052275790295964,0.0,0.17689569089388862,0.24741844879684827,0.2158054059311275,0.36939930117477765
network_ports_dst_count,0.00020804673152648398,0.07859695510993876,0.009664767534395952,0.08846976937586119,0.001467050666256987,0.1622742754913501,0.0489623808027583,0.2127037069603654,0.043503096083090755,0.17932527128810996,0.08323340687035066,0.30606177424155134,0.20241175019259264,0.34642876244680865
network_tcp-flags-psh_count,3.571237193825105e-05,0.05632556276710325,0.002407204217417026,0.05876847935645853,0.0004811305292044435,0.07789270720361054,0.021138472300462292,0.09951231003327726,0.06458555906523937,0.16806243600938922,0.20052116429023023,0.4331691593648588,0.19714998291819819,0.337404666911316
network_packets_src_count,0.000512470579325767,0.04859512199521387,0.06519680553597401,0.11430439811051366,0.003072674397369099,0.10245624157392683,0.07882245413265043,0.18435137010394637,0.006162964117416586,0.1418605889034858,0.12067597811291747,0.26869953113381984,0.1891184331160933,0.3236303076641936
network_protocols_dst_has_icmp,2.42210253414367e-05,0.07568420350080787,0.004966388136570158,0.08067481266271948,0.0,0.20314959732186855,0.045581420985355704,0.24873101830722424,0.1302836360414677,0.031007265203951487,0.06885063253296964,0.2301415337783888,0.18651578824944415,0.3191666902716314
network_interval-packets,0.010762960389518704,0.018271337140487388,0.019917566271406978,0.04895186380141307,0.010909869571245005,0.11862096577362237,0.10013808318549983,0.2296689185303672,0.04296828158197225,0.05682340588575582,0.17701228455984164,0.2768039720275697,0.18514158478645001,0.3168098883287536
network_fragmented-packets,0.0,0.1876565240443718,0.001024336854973424,0.18868086089934522,0.0001562412944515179,0.2184908509131605,0.0050440649786189316,0.22369115718623095,0.0024153727974615797,0.08236701850405652,0.05501474860286183,0.13979713990437992,0.18405638599665206,0.31494873844441845
network_time-delta_max,0.02848832643943779,0.03580833431178569,0.030686175448449964,0.09498283619967345,0.01862233920485417,0.14989679625835156,0.08819179881673127,0.256710934279937,0.017894206891178405,0.10385681352332267,0.07103465357394144,0.1927856739884425,0.18149314815601766,0.3105527053346613
network_window-size_avg,0.0017096870383685398,0.0,0.02178088463615895,0.023490571674527488,0.006440722852322967,0.0,0.11941658622033603,0.125857309072659,0.23415129913987368,0.0,0.16067917278536517,0.39483047192523885,0.18139278422414176,0.3103805780507403
network_tcp-flags-fin_count,0.0,0.004387109016261798,4.3333256714530655e-05,0.004430442272976328,0.00015480024416173748,0.08521342700488521,0.03699773595882912,0.12236596320787607,0.07990859588478923,0.14678138174432592,0.18968428310507143,0.4163742607341866,0.18105688873834633,0.3098045067812052
network_ports_dst_has_23,0.0,0.08472889567404782,0.0007949913874702283,0.08552388706151805,0.0003087396079147934,0.16012803091271788,0.12479724577693851,0.28523401629757117,0.004032368129807034,0.04687823014812897,0.1165199754358568,0.1674305737137928,0.17939615902429398,0.3069563033513102
network_ports_dst_has_1883,0.0,0.0,0.006232223783522566,0.006232223783522566,0.0035408421162566547,0.0,0.004080635181136623,0.007621477297393278,0.2534938318022309,0.0,0.2556413154349341,0.509135147237165,0.17432961610602696,0.29826702369585884
network_ttl_std_deviation,0.0011559169527895843,0.009343037832953276,0.029925793130740244,0.04042474791648311,0.005514303484413857,0.09586847487018756,0.11779145729907758,0.219174235653679,0.007623624251797313,0.10827919631547994,0.10165400302090204,0.2175568235881793,0.15905193571944712,0.27206532373848386
network_ports_dst_has_554,0.0,0.05730176247388114,0.0,0.05730176247388114,0.0,0.08022019034941184,0.0029014195671438073,0.08312160991655565,0.043308013827847956,0.05260522524743853,0.2270672016330042,0.3229804407082907,0.1544679376995758,0.26420362368437256
network_ip-length_min,0.15465262812511651,0.0,0.02028300948619519,0.1749356376113117,0.0048410424915247205,0.0,0.2316067951912475,0.23644783768277222,0.012403868126222968,0.0,0.028465673833573926,0.04086954195979689,0.1507510057512936,0.2578289690766992
network_time-delta_min,0.12476918845067032,0.038822786171000864,0.04449199495762779,0.20808396957929898,0.01089317552848652,0.07528771172660463,0.0394197486340828,0.12560063588917394,0.0034211179313469032,0.057353139697956614,0.04505952949445348,0.10583378712375699,0.14650613086407663,0.25054887580749097
network_macs_dst_count,3.697006490025103e-06,0.0,0.0042429135756260426,0.004246610582116068,0.18644914126164205,0.0,0.16587584782771359,0.3523249890893556,0.003103082627146755,0.0,0.06185687906055975,0.0649599616877065,0.1405105204530594,0.2402662163280596
network_ip-length_avg,0.0002487595573049466,0.0,0.011698273117291517,0.011947032674596464,0.05134246965551586,0.0,0.1812385501736046,0.23258101982912047,0.0766650827437727,0.0,0.09914126962783731,0.17580635237161002,0.14011146829177565,0.2395818293836591
network_mss_min,0.0,0.019831376388762118,0.010627717269870801,0.03045909365863292,2.566328866750858e-19,0.17207873405500826,0.04509121759945867,0.21716995165446693,0.023084426656954114,0.12287094684359988,0.009530124835057267,0.15548549833561126,0.1343715145495704,0.22973762909167073
network_payload-length_avg,0.0009999034906966612,0.0,0.01222921006448944,0.013229113555186103,0.0015408866808211356,0.0,0.08255395412147498,0.08409484080229612,0.13258013072052915,0.0,0.1650737654907964,0.29765389621132554,0.1316592835229359,0.22508606800538275
network_tcp-flags-ack_count,0.0002529593667409648,0.0,0.025812690875639456,0.02606565024238042,0.012699086826521974,0.0,0.030646822648644878,0.04334590947516685,0.10049262647483873,0.0,0.17599584107814992,0.2764884675529886,0.11530000909017862,0.19702940041178735
device_type_infra,0.0003805061648300501,0.010919866166241658,0.0015453891460570702,0.012845761477128778,0.0033382561436411163,0.09982845574643516,0.06052447328413437,0.16369118517421063,0.03876178949448093,0.06990680955906188,0.06050447134130322,0.16917307039484603,0.11523667234872847,0.19692077591816248
network_ports_dst_has_443,0.00041487506918767744,0.011232221692161266,0.0004022246493108943,0.012049321410659838,0.0010092511958698553,0.09075406017142432,0.006159622966219131,0.0979229343335133,0.03452074839456763,0.06611684208403208,0.12556382825498075,0.22620141873358046,0.11205789149258454,0.19146906727421847
network_macs_src_count,0.00011962822971979457,0.0,0.006615123947147329,0.0067347521768671235,0.00019616613971979637,0.0,0.19637490015971493,0.19657106629943472,0.08041438078329939,0.0,0.052330913491015846,0.13274529427431525,0.11201703758353902,0.19139900154173747
network_tcp-flags_std_deviation,4.502357966979798e-05,0.0,0.01040244502163716,0.010447468601306959,0.07587181817362736,0.0,0.1158318678814642,0.19170368605509155,0.07134691939290826,0.0,0.05227041897586822,0.12361733836877647,0.10858949767505832,0.18552066333845707
network_ttl_min,0.0010711719461295158,0.0,0.006678533594322164,0.00774970554045168,0.0761550315978305,0.0,0.19521673977709575,0.27137177137492624,0.019789737833322493,0.0,0.02262306991167301,0.04241280774499551,0.10717809488679114,0.18310006338863327
network_payload-length_std_deviation,0.0041036208296531766,0.0,0.006993811426472818,0.011097432256125995,0.004202931358312164,0.0,0.04610959017287279,0.050312521531184956,0.11516192324552275,0.0,0.1379900167741903,0.25315194001971303,0.10485396460234132,0.17911410722028095
device_type_control,0.0008938441472548132,0.0,0.012257828931643885,0.0131516730788987,1.3617455690280137e-05,0.0,0.22689255146478612,0.2269061689204764,0.006164636432376857,0.0,0.05701092179239062,0.06317555822476748,0.10107780007471419,0.17263786688542745
network_ttl_avg,0.0012990485317388558,0.0,0.013368449710126018,0.014667498241864873,0.004796581334557739,0.0,0.059133258526013144,0.06392983986057088,0.049002445052075606,0.0,0.17034674589632276,0.21934919094839836,0.09931550968361137,0.1696154837161865
network_tcp-flags-urg_count,0.0,0.23048501000054494,0.0,0.23048501000054494,0.0,0.05316778383929722,6.899614325066312e-05,0.05323677998254788,0.0,0.011797885483079683,0.0012143231621556897,0.013012208645235373,0.09891133287610941,0.1689223078431529
network_packet-size_std_deviation,0.0008935505706348529,0.027443082520945815,0.00827204605907973,0.0366086791506604,0.0010754768165638794,0.092314439470642,0.03825040553504718,0.13164032182225305,0.004635361505501075,0.08755824739924527,0.0344514695325589,0.12664507843730524,0.09829802647007291,0.16787046816420398
network_macs_all_count,0.00022809414428093445,0.0,0.0030892359341164375,0.0033173300783973718,0.0011606901194060558,0.0,0.2179722081951898,0.21913289831459587,0.0010810516604505176,0.0,0.06207036686428923,0.06315141852473975,0.09520054897257767,0.16255819732462137
network_payload-length_max,0.000299838855973185,0.0,0.005481978867518778,0.005781817723491963,0.001464413038103383,0.0,0.03481035040227588,0.03627476344037927,0.12555200667818556,0.0,0.11138196311100113,0.23693396978918668,0.09299685031768597,0.15877878516970656
network_ports_dst_has_22,0.0,0.024757687737831397,0.0,0.024757687737831397,0.0016838395584110144,0.07441837425124652,0.021228915527928376,0.09733112933758592,0.013195963828400568,0.028192026952392583,0.11534349276143283,0.156731483542226,0.0929401002058811,0.15868145695204305
network_ports_src_has_22,0.0,0.07952429121315564,0.0,0.07952429121315564,0.0008683895667820116,0.08814665062331367,0.030697800609808243,0.11971284079990392,0.01155877212054434,0.03936273946997537,0.0237974471819248,0.07471895877244451,0.09131869692850136,0.1559006995917093
network_ip-flags_std_deviation,0.0001785039887369225,0.0018641513669896837,0.01652902122022772,0.018571676575954325,0.003442893736364184,0.03805107044970478,0.036474523582276396,0.07796848776834536,0.0039309495703333105,0.09158092740555905,0.07187677066819159,0.16738864764408395,0.08797627066279455,0.1501683339493027
network_ips_all_count,0.001050484324590277,0.0,0.010562303815487242,0.01161278814007752,0.001278190238392529,0.0,0.2005448200137603,0.20182301025215285,0.005605346504983056,0.0,0.044720028605567445,0.050325375110550505,0.08792039116759363,0.15007249886635976
network_tcp-flags_avg,0.00031333588981633095,0.0,0.015272215046326094,0.015585550936142426,0.0011781625269137006,0.0,0.06640034083530608,0.06757850336221978,0.01500448021265601,0.0,0.1566792097912299,0.17168369000388592,0.08494924810074937,0.1449768955288091
network_ports_dst_has_6668,0.0,0.10717927200542987,0.0,0.10717927200542987,0.00030979341114295897,0.07683959211186843,0.0036537901867585197,0.0808031757097699,0.0031042701009855794,0.02769226109344161,0.03494391932000864,0.06574045051443583,0.08457429940987854,0.14433384679045233
network_protocols_dst_has_data,0.0021102246452127747,0.022228999925593587,0.010957671982052036,0.03529689655285839,8.248668466390873e-05,0.06395271977742033,0.01591990396521484,0.07995511042729908,0.010253794401811372,0.06733778163695327,0.05642363982201121,0.13401521586077586,0.0830890742803111,0.14178663921512805
network_tcp-flags-rst_count,0.0020602217841465447,0.0,0.03884173579655855,0.0409019575807051,0.0005962938514231792,0.0,0.1063265092205262,0.10692280307194937,0.0182370510910514,0.0,0.07946842234611065,0.09770547343716204,0.08184341136327218,0.13965028833106632
network_ports_src_has_80,0.0,0.012530624441109212,1.8683052743444575e-05,0.012549307493852658,5.26009175146177e-05,0.12633329533756238,0.004251641236639028,0.13063753749171603,0.0026171813782905696,0.05670677801733222,0.040775678465281434,0.10009963786090423,0.08109549428215763,0.13836758713189912
network_packet-size_avg,0.0017331842719186246,0.0,0.009020868617453036,0.010754052889371661,0.007515879118375847,0.0,0.08850428940936027,0.09602016852773612,0.03572358483560756,0.0,0.09988395754798475,0.1356075423835923,0.08079392126690003,0.1378503799734118
network_ports_dst_has_9595,0.0,0.09989651568460935,0.0,0.09989651568460935,0.0,0.07315115070562404,0.003913652899043258,0.0770648036046673,0.00038282216832691263,0.022910626475289658,0.032440582545621204,0.055734031189237775,0.07756511682617148,0.13231287931648458
network_protocols_dst_has_mqtt,0.0,0.007043552034032042,0.0003231164630384347,0.007366668497070477,0.0,0.07243318283606714,0.0012483442421652488,0.07368152707823239,0.0,0.07173714893942962,0.07624926023665443,0.14798640917608405,0.07634486825046231,0.1302201148231109
network_ip-flags_avg,7.828263528788933e-05,0.0,0.007221798421663054,0.007300081056950943,0.00604513643893221,0.0,0.10204674083349935,0.10809187727243155,0.0461600055352413,0.0,0.05821840066210055,0.10437840619734184,0.07325678817557478,0.12492396085738018
network_protocols_src_has_dns,4.283080279293002e-05,0.016622523638800974,0.00357038923147284,0.020235743673066745,0.0009663030271011695,0.12850971767405636,0.012339497739531753,0.14181551844068926,0.0008821001069528757,0.027107977271364905,0.025956040250195832,0.05394611762851362,0.07199912658075654,0.12276703186544448
network_ips_dst_count,0.0005802728647436471,0.0,0.0028333060959520326,0.0034135789606956797,0.028836310481821243,0.0,0.11869740554505306,0.14753371602687432,0.0062425752538037785,0.0,0.0457740882740622,0.05201666352786598,0.06765465283847866,0.11531612344299498
network_protocols_src_has_icmp,0.0,0.00316187149302804,0.00012627298451012986,0.00328814447753817,3.919095334961246e-05,0.13747897893826574,0.01168917485362682,0.1492073447452422,0.005388480600781352,0.04091364014617121,0.002717520354838781,0.04901964110179134,0.06717171010819056,0.11448786154750988
network_mss_std_deviation,0.0,0.09743981939247266,9.415410525604161e-05,0.0975339734977287,0.0,0.04915511290947308,0.00015762281583246206,0.04931273572530554,0.0005700801673623047,0.04962721127043679,0.0031290730386976584,0.05332636447649675,0.06672435789984367,0.1137206385109113
network_protocols_src_has_telnet,5.037399473495767e-05,0.035471988029422356,0.0007464886060860087,0.03626885063024333,9.840772850094085e-05,0.06523277932329484,0.06743881665732494,0.13277000370912073,0.0,0.011371551453035091,0.01142232920039007,0.02279388065342516,0.0639442449975964,0.1089526578836757
network_ports_src_has_8000,0.0,0.03509597088493141,0.0,0.03509597088493141,0.0,0.08806976796212279,0.00282927712034644,0.09089904508246924,0.0004571061478766655,0.04209905974367783,0.000929717745189707,0.0434858836367442,0.05649363320138162,0.09617462549632572
network_tcp-flags_min,0.0,0.0,0.00491485308792098,0.00491485308792098,0.000910913840552488,0.0,0.028022237234167448,0.028933151074719936,0.06039346207551154,0.0,0.07375260674615779,0.13414606882166932,0.05599802432810341,0.09532464076924271
network_ip-flags_min,0.00020589093134112965,0.0030831459718289886,0.0029982361509169465,0.006287273054087064,1.508399052060484e-05,0.08615214917527274,0.00469550413142651,0.09086273729721986,0.0,0.0655113883643537,0.004889695912671534,0.07040108427702524,0.055850364876110725,0.09507140018827197
network_payload-length_min,0.0005438091214791318,0.020652160183631557,0.002921689076746104,0.024117658381856793,7.090878776013056e-05,0.06477889475430426,0.007582392515513237,0.07243219605757763,0.0010062386092735813,0.0669957520562633,0.0010337425068231811,0.06903573317236007,0.05519519587059816,0.09394776484118804
network_protocols_src_has_data,0.00048172896863654934,0.0025971787171962762,0.0005176275867144181,0.0035965352725472436,0.0014510585731265923,0.09299377785119897,0.002825712643221768,0.09727054906754733,0.0,0.04039802713461846,0.02152207884169322,0.06192010597631167,0.05426239677213542,0.09234798519663547
network_protocols_dst_has_http,0.0,0.04036109920577661,0.0,0.04036109920577661,0.0,0.0372761232428264,0.00026448453507049214,0.03754060777789689,0.007818964438827033,0.02849054395853557,0.03219528714711687,0.06850479554447947,0.04880216750938432,0.08298352114051108
network_fragmentation-score,0.0,0.0,0.0,0.0,0.0016649570500290715,0.0,0.0054000283947844485,0.00706498544481352,0.10835911680101201,0.0,0.030711904381539895,0.1390710211825519,0.04871200220912181,0.08282888482895948
network_window-size_max,0.011225186913305964,0.0,0.01824027052435368,0.029465457437659645,0.0036121742469645665,0.0,0.055422249878856786,0.059034424125821355,0.015964868335943485,0.0,0.04125685950297757,0.05722172783892106,0.04857386980080069,0.08259198342602145
network_protocols_src_has_tcp,3.844561207646552e-05,0.0044525155861679655,0.007802830862473085,0.012293792060717516,2.5676490259760077e-06,0.06545820616930592,0.007950147681243198,0.0734109214995751,0.0,0.05499600871013386,0.0013661838145109133,0.05636219252464477,0.0473556353616458,0.08050267323986803
network_ports_src_has_23,0.0,0.0,0.001034003045655129,0.001034003045655129,0.008568297268822776,0.0,0.09665778896629308,0.10522608623511585,0.004183281935451944,0.0,0.02967590427817392,0.033859186213625866,0.04670642516479895,0.07938925743611867
network_protocols_src_has_mqtt,0.0,0.003944963279245267,0.004076092007496057,0.008021055286741324,0.008950689517174041,0.06757148665853077,0.004717051653825436,0.08123922782953025,0.0,0.03987399269251982,0.004310076828916017,0.04418406952143584,0.0444814508792358,0.0755733569088102
network_ports_src_has_1883,0.0006407312568533795,0.0,0.00756101145126798,0.00820174270812136,0.0001344102774795312,0.0,0.005839365251681206,0.0059737755291607375,0.0,0.0,0.11844648248010402,0.11844648248010402,0.04420733357246204,0.07510323714956199
network_packet-size_max,0.0012640814201134766,0.0,0.013413275881225668,0.014677357301339145,0.01673696822349842,0.0,0.03068190552645142,0.04741887374994984,0.005636973935948019,0.0,0.05985973798608539,0.06549671192203341,0.04253098099110746,0.07222824001334709
network_ports_dst_has_557,0.0,0.036817863075695456,0.0,0.036817863075695456,0.0,0.011545215721944821,4.325263748436982e-06,0.011549540985693258,0.0,0.012858379835054104,0.06558657245290579,0.07844495228795989,0.042270785449782876,0.0717819965175071
network_ip-length_std_deviation,0.003656132215072671,0.0,0.00916889466899135,0.012825026884064021,0.001348355793527223,0.0,0.04305910195406166,0.044407457747588884,0.013740848050421695,0.0,0.04991527475859995,0.06365612280902164,0.04029620248022484,0.0683955249328057
network_ip-length_max,0.0008235715819910225,0.0,0.012550572289142933,0.013374143871133955,0.002001907021680325,0.0,0.042891663611617614,0.044893570633297936,0.009088088236756513,0.0,0.044341431128928716,0.05342951936568523,0.03723241129003904,0.06314102716442632
network_protocols_src_has_http,0.0,0.030788493513651465,5.8794131054558366e-05,0.030847287644706022,0.0,0.038716769042921234,8.497084868663001e-05,0.038801739891607866,0.002393640494184223,0.01372902289449929,0.025250166652749872,0.041372830041433384,0.03700728585924909,0.062754930005625
network_ips_src_count,0.000844210402021617,0.0,0.0023418411329380693,0.0031860515349596864,0.001787977289089665,0.0,0.0773946901510713,0.07918266744016096,0.00814396678265639,0.0,0.018960877617207977,0.027104844399864367,0.03649118779166167,0.06186980566912002
network_protocols_dst_has_telnet,0.0,0.014502893681726683,0.00031148677331448084,0.014814380455041165,3.832246803488445e-06,0.0625275987206369,0.00536174091935078,0.06789317188679117,0.0,0.010167121851143877,0.008386722388538543,0.01855384423968242,0.03375379886050492,0.05717509798929368
network_protocols_dst_has_dns,0.0,0.007936607335574643,3.710188427502775e-05,0.00797370921984967,3.966781625235102e-19,0.04708229508046484,0.0024307933522184112,0.04951308843268325,0.0006930655222043788,0.023386115761577522,0.0006607819932772181,0.02473996327705912,0.027408920309864013,0.04629343272053264
network_protocols_src_has_arp,5.040862194011431e-05,0.007583771165630691,0.0007814635011500918,0.008415643288720897,0.0009353085050968254,0.044605273485603274,0.002806311612625945,0.048346893603326044,0.0,0.021718630581130802,0.0012764598380688118,0.022995090419199615,0.026585875770415518,0.044881885579310304
network_mss_avg,0.0,0.0,0.010645449788009744,0.010645449788009744,0.001316294427246866,0.0,0.0505628174889339,0.05187911191618077,0.0,0.0,0.013629833102406641,0.013629833102406641,0.02538479826886572,0.042822000078052834
network_ports_src_has_557,0.0,0.009337593303829784,0.0,0.009337593303829784,0.0,0.014136530344236932,0.0,0.014136530344236932,0.0,0.018444189141501525,0.03289661236522211,0.051340801506723634,0.02493830838493012,0.04205625595480489
network_mss_max,0.0,0.0,0.006504482619290054,0.006504482619290054,0.0012131699478873574,0.0,0.051272459435317,0.052485629383204356,0.0,0.0,0.006799013962328604,0.006799013962328604,0.021929708654941007,0.036896413267805094
network_protocols_dst_has_arp,9.09519934960861e-05,0.0025130131195150686,0.0004992044904986115,0.0031031696035097663,0.0001902496818880855,0.04046555641463984,0.002073744602492891,0.04272955069902082,0.0012959848937970806,0.017105972616336416,0.0015206576745040177,0.019922615184637515,0.021918445162389364,0.036877096025603226
network_ports_src_has_443,6.79815507550749e-05,0.0,0.00035402660171223447,0.00042200815246730937,0.0006748987097725318,0.0,0.0038551645637482815,0.004530063273520814,0.0032138927387612344,0.0,0.05493989251441355,0.058153785253174786,0.02103528555972097,0.03536244966973898
network_protocols_dst_has_lbtrm,0.0,0.034977207633364135,0.0,0.034977207633364135,0.0,0.014863076875304285,4.403400213044492e-06,0.01486748027551733,0.0,0.004167046526058787,0.0,0.004167046526058787,0.018003911478313418,0.03016354825736397
network_header-length_std_deviation,0.0,0.019619048305980286,0.0,0.019619048305980286,0.0,0.012798925741743109,1.220451136169345e-05,0.012811130253104801,0.0,0.020176365567371148,0.0,0.020176365567371148,0.017535514708818745,0.029360233139835802
network_ports_src_has_554,0.0,0.0,0.0,0.0,0.0,0.0,0.002433598456179492,0.002433598456179492,0.003407355336921561,0.0,0.04629817514845888,0.04970553048538044,0.017379709647186645,0.0290930225834276
network_ports_src_has_6668,0.0,0.0,0.0,0.0,0.000904500131064034,0.0,0.0055579940511728924,0.006462494182236926,0.01725237397513049,0.0,0.02603971699146079,0.043292090966591285,0.01658486171627607,0.02772983350822261
network_protocols_dst_has_udp,0.0,0.036965351147681944,0.0,0.036965351147681944,0.0,0.0073060105758846385,0.0,0.0073060105758846385,0.0,0.002325079341893322,0.0,0.002325079341893322,0.015532147021819967,0.02592439486394466
network_ttl_max,0.0004382300635354581,0.0,0.007700626229760533,0.008138856293295992,0.0008878933957812379,0.0,0.009888110709630719,0.010776004105411957,0.000356561205014664,0.0,0.017199736048284314,0.017556297253298978,0.012157052550668975,0.020136002226893893
network_protocols_src_count,0.0014490181980571471,0.0,0.002044316343789671,0.003493334541846818,0.001486779097622215,0.0,0.01579437078853983,0.017281149886162046,0.001302703797868352,0.0,0.009414436182649942,0.010717139980518294,0.01049720813617572,0.01728931711344695
network_protocols_dst_count,8.32321254312587e-05,0.0,0.0028776188939567578,0.0029608510193880164,0.005852995022779105,0.0,0.01644158925910119,0.022294584281880296,0.0007292659497310087,0.0,0.003832442127960705,0.0045617080776917136,0.009939047792986676,0.016332054658003036
network_protocols_dst_has_tcp,0.010652007452720451,0.0,0.0040718966929505175,0.014723904145670968,0.00010664557702003868,0.0,0.004786236375334546,0.004892881952354584,0.00045018021527883296,0.0,0.0039033539007295747,0.004353534116008408,0.007990106738011319,0.012989559759240063
network_protocols_dst_has_ssh,0.0,0.003081124241467184,0.0,0.003081124241467184,0.0,0.01379573600226026,0.0009837177051405506,0.014779453707400811,0.0,0.003367921140681692,0.000318550566616966,0.0036864717072986578,0.007182349885388884,0.011604231479331945
network_tcp-flags_max,0.0,0.0,0.004191621255472054,0.004191621255472054,0.00010774053822010329,0.0,0.006780298255995649,0.006888038794215752,0.0,0.0,0.005447714446810852,0.005447714446810852,0.005509124832166219,0.008734598151735037
network_protocols_src_has_ssh,0.0,0.0022165855766771874,0.0,0.0022165855766771874,0.0,0.004205182349182327,0.00016873883740147185,0.004373921186583799,0.0029976274141485884,0.004680308099325901,0.0008805783212979823,0.008558513834772472,0.00504967353267782,0.007946624795204039
network_protocols_all_count,0.00044991630311051614,0.0,0.001847107173770272,0.002297023476880788,0.00076640048910407,0.0,0.005538307379600752,0.006304707868704822,0.0006645394464331194,0.0,0.004970626637558972,0.0056351660839920915,0.004745632476525901,0.007425184869348947
network_ports_src_has_9595,0.0,0.0,0.0,0.0,0.0,0.0,0.0009405571095815675,0.0009405571095815675,0.001617382883488531,0.0,0.008120595355127495,0.009737978238616026,0.003559511782732531,0.005390950761446865
network_header-length_avg,2.7494123904140682e-05,0.0,0.00751763210504394,0.007545126228948081,5.6718166931266566e-21,0.0,0.0011702786796021101,0.0011702786796021101,0.0,0.0,0.0007754564834334053,0.0007754564834334053,0.0031636204639945323,0.004711984760926629
network_header-length_max,6.537824698063605e-06,0.0,0.007098067370266296,0.00710460519496436,8.102595275895229e-22,0.0,0.0016986760479006798,0.0016986760479006798,0.0,0.0,0.0001502799628330854,0.0001502799628330854,0.0029845204018993754,0.004404822549738686
network_header-length_min,0.0,0.0,0.002069181683494541,0.002069181683494541,0.0,0.0,0.003930957036198321,0.003930957036198321,0.0,0.0,0.00039774951381498603,0.00039774951381498603,0.0021326294111692827,0.002943802841857641
network_ip-flags_max,0.0,0.0,0.0017894343882410117,0.0017894343882410117,6.165777614051505e-05,0.0,0.0015617828364927087,0.0016234406126332237,0.0,0.0,0.00020849842921145698,0.00020849842921145698,0.0012071244766952308,0.0013565329168066785
network_ports_dst_has_8000,0.0,0.0,0.0,0.0,1.4581298544186752e-17,0.0,0.0008031591125677494,0.0008031591125677639,0.0,0.0,0.0004453137381018283,0.0004453137381018283,0.0004161576168898641,0.0
