mean_fit_time,std_fit_time,mean_score_time,std_score_time,param_model__criterion,param_model__max_features,param_model__max_leaf_nodes,param_model__min_samples_leaf,param_model__n_estimators,params,split0_test_score,split1_test_score,split2_test_score,split3_test_score,mean_test_score,std_test_score,rank_test_score,split0_train_score,split1_train_score,split2_train_score,split3_train_score,mean_train_score,std_train_score
91.64525067806244,13.443633167755491,3.19033682346344,0.22414940439597858,entropy,0.5,900,3,150,"{'model__criterion': 'entropy', 'model__max_features': 0.5, 'model__max_leaf_nodes': 900, 'model__min_samples_leaf': 3, 'model__n_estimators': 150}",0.9180617853307221,0.9174300294779549,0.9202310678998705,0.918456291056089,0.9185447934411591,0.001040114146460878,1,0.9211526515829481,0.9218916102685009,0.9209573527554414,0.9214926504654003,0.9213735662680727,0.00035517165520115575
89.86750531196594,14.62339741690176,3.114355683326721,0.5270452890857653,entropy,0.5,600,3,150,"{'model__criterion': 'entropy', 'model__max_features': 0.5, 'model__max_leaf_nodes': 600, 'model__min_samples_leaf': 3, 'model__n_estimators': 150}",0.9180617853307221,0.9174300294779549,0.9202310678998705,0.918456291056089,0.9185447934411591,0.001040114146460878,1,0.9211526515829481,0.9218916102685009,0.9209573527554414,0.9214926504654003,0.9213735662680727,0.00035517165520115575
69.91054886579514,0.2281604502850249,2.5939440727233887,0.08281253281931916,entropy,0.5,300,3,100,"{'model__criterion': 'entropy', 'model__max_features': 0.5, 'model__max_leaf_nodes': 300, 'model__min_samples_leaf': 3, 'model__n_estimators': 100}",0.9181694722546822,0.917282267524809,0.9198421468034728,0.9185962030514578,0.9184725224086054,0.0009219156643405929,3,0.9207211189341079,0.9216336586752583,0.9204056060398657,0.9212197819560752,0.9209950414013267,0.00046925683343463466
52.968991816043854,7.599293612736517,2.4380040764808655,0.17376394191650507,entropy,0.5,600,3,100,"{'model__criterion': 'entropy', 'model__max_features': 0.5, 'model__max_leaf_nodes': 600, 'model__min_samples_leaf': 3, 'model__n_estimators': 100}",0.9181031761065859,0.9172689235450742,0.919686829145094,0.9186850664729845,0.9184359988174347,0.0008802622981029032,4,0.9210338005640443,0.9219060851991032,0.920803334596438,0.9215089651396624,0.921313046374812,0.00042657459177197093
54.19858521223068,4.164857117668888,2.522562325000763,0.1689075159812693,entropy,0.5,900,3,100,"{'model__criterion': 'entropy', 'model__max_features': 0.5, 'model__max_leaf_nodes': 900, 'model__min_samples_leaf': 3, 'model__n_estimators': 100}",0.9181031761065859,0.9172689235450742,0.919686829145094,0.9186850664729845,0.9184359988174347,0.0008802622981029032,4,0.9210338005640443,0.9219060851991032,0.920803334596438,0.9215089651396624,0.921313046374812,0.00042657459177197093
104.89853459596634,20.321156263361978,3.8135799765586853,0.3899306723736821,entropy,0.25,600,3,200,"{'model__criterion': 'entropy', 'model__max_features': 0.25, 'model__max_leaf_nodes': 600, 'model__min_samples_leaf': 3, 'model__n_estimators': 200}",0.9184028326641586,0.9173566828463564,0.9198482932996207,0.9181157129307619,0.9184308804352244,0.0009031994410727932,6,0.9205211451701312,0.9209630683314893,0.9202657106706031,0.9202944402261031,0.9205110910995817,0.000279076001477309
91.21340125799179,16.455035421996737,4.095260858535767,0.45132054967254887,entropy,0.25,900,3,200,"{'model__criterion': 'entropy', 'model__max_features': 0.25, 'model__max_leaf_nodes': 900, 'model__min_samples_leaf': 3, 'model__n_estimators': 200}",0.9184028326641586,0.9173566828463564,0.9198482932996207,0.9181157129307619,0.9184308804352244,0.0009031994410727932,6,0.9205211451701312,0.9209630683314893,0.9202657106706031,0.9202944402261031,0.9205110910995817,0.000279076001477309
108.7272681593895,11.593043208246208,3.562066614627838,0.3481550211807866,entropy,0.5,300,3,200,"{'model__criterion': 'entropy', 'model__max_features': 0.5, 'model__max_leaf_nodes': 300, 'model__min_samples_leaf': 3, 'model__n_estimators': 200}",0.9180089697429095,0.9172584326654831,0.9201477692526285,0.9182990016428662,0.9184285433259718,0.0010627464165951768,8,0.9208304381698356,0.9217486522911051,0.9204123103488213,0.9211061364234923,0.9210243843083135,0.0004856689087619819
75.82467114925385,7.921872678608907,2.8082109689712524,0.26058406494547576,entropy,0.5,300,3,150,"{'model__criterion': 'entropy', 'model__max_features': 0.5, 'model__max_leaf_nodes': 300, 'model__min_samples_leaf': 3, 'model__n_estimators': 150}",0.9178038918372504,0.9172426913564589,0.9201237608132854,0.918504011624234,0.9184185889078071,0.0010811447414120813,9,0.9207652862452749,0.9214926504654003,0.9204881695746944,0.9210933796808343,0.920959871491551,0.0003748479651859431
69.48205363750458,12.367313451120562,3.1744649410247803,0.14906077632108397,entropy,0.25,900,3,150,"{'model__criterion': 'entropy', 'model__max_features': 0.25, 'model__max_leaf_nodes': 900, 'model__min_samples_leaf': 3, 'model__n_estimators': 150}",0.9181737700771468,0.9174306106264869,0.9199165665887112,0.9180130900812596,0.9183835093434011,0.0009272919539806404,10,0.9206088203052534,0.9208821081246247,0.920173339097245,0.920412597295758,0.9205192162057203,0.0002601528423773437
75.25866800546646,16.165695821233545,3.27628892660141,0.5275077370202185,entropy,0.25,600,3,150,"{'model__criterion': 'entropy', 'model__max_features': 0.25, 'model__max_leaf_nodes': 600, 'model__min_samples_leaf': 3, 'model__n_estimators': 150}",0.9181737700771468,0.9174306106264869,0.9199165665887112,0.9180130900812596,0.9183835093434011,0.0009272919539806404,10,0.9206088203052534,0.9208821081246247,0.920173339097245,0.920412597295758,0.9205192162057203,0.0002601528423773437
68.74406611919403,6.504207124508857,3.142102599143982,0.14576424323034232,entropy,0.25,300,3,150,"{'model__criterion': 'entropy', 'model__max_features': 0.25, 'model__max_leaf_nodes': 300, 'model__min_samples_leaf': 3, 'model__n_estimators': 150}",0.9184125577568201,0.9172722368546314,0.9198760513501549,0.9179031288557057,0.918365993704328,0.0009608577182722171,12,0.9201548997056062,0.9206037990428605,0.9196615105408656,0.9202325802264597,0.920163197378948,0.00033567184148333365
99.13174390792847,12.901088701569137,4.2036051750183105,0.5344525312618338,entropy,0.25,300,3,200,"{'model__criterion': 'entropy', 'model__max_features': 0.25, 'model__max_leaf_nodes': 300, 'model__min_samples_leaf': 3, 'model__n_estimators': 200}",0.9183886585867536,0.9171691526499524,0.9199240986717268,0.9179715921672835,0.9183633755189291,0.0010020177703777197,13,0.9201215266789037,0.920801577011058,0.9199079838760736,0.92013379620348,0.9202412209423788,0.0003357501516386958
121.78552860021591,19.718651779727242,3.6919937133789062,0.43484498259185067,entropy,0.5,600,3,200,"{'model__criterion': 'entropy', 'model__max_features': 0.5, 'model__max_leaf_nodes': 600, 'model__min_samples_leaf': 3, 'model__n_estimators': 200}",0.9180773117736231,0.9169148868749604,0.9201098450175184,0.9183112823265654,0.9183533314981668,0.0011437239285406525,14,0.92132938910002,0.9219256514966531,0.921002778479414,0.9213984835720304,0.9214140756620294,0.00033101742176724707
112.43604069948196,18.241544226425862,3.719139516353607,0.31804720390957514,entropy,0.5,900,3,200,"{'model__criterion': 'entropy', 'model__max_features': 0.5, 'model__max_leaf_nodes': 900, 'model__min_samples_leaf': 3, 'model__n_estimators': 200}",0.9180773117736231,0.9169148868749604,0.9201098450175184,0.9183112823265654,0.9183533314981668,0.0011437239285406525,14,0.92132938910002,0.9219256514966531,0.921002778479414,0.9213984835720304,0.9214140756620294,0.00033101742176724707
62.30970573425293,8.290532949401312,3.2250205278396606,0.4386870923067516,entropy,0.25,600,3,100,"{'model__criterion': 'entropy', 'model__max_features': 0.25, 'model__max_leaf_nodes': 600, 'model__min_samples_leaf': 3, 'model__n_estimators': 100}",0.9181022220817397,0.9171239176631039,0.9201465664287068,0.9179602288893807,0.9183332337657328,0.0011116564013455292,16,0.9206285635993803,0.9208987769806908,0.9201526524415957,0.9205589243343,0.9205597293389917,0.0002671159426031335
55.33817929029465,2.0713157506203674,2.818085491657257,0.19342853052017223,entropy,0.25,900,3,100,"{'model__criterion': 'entropy', 'model__max_features': 0.25, 'model__max_leaf_nodes': 900, 'model__min_samples_leaf': 3, 'model__n_estimators': 100}",0.9181022220817397,0.9171239176631039,0.9201465664287068,0.9179602288893807,0.9183332337657328,0.0011116564013455292,16,0.9206285635993803,0.9208987769806908,0.9201526524415957,0.9205589243343,0.9205597293389917,0.0002671159426031335
53.98377013206482,11.087237252148194,3.053494095802307,0.4451564940898109,entropy,0.25,300,3,100,"{'model__criterion': 'entropy', 'model__max_features': 0.25, 'model__max_leaf_nodes': 300, 'model__min_samples_leaf': 3, 'model__n_estimators': 100}",0.9182569068641413,0.9170871013802951,0.9198861840025292,0.9179239016984534,0.9182885234863547,0.001016105661445214,18,0.920004641692952,0.9205797101449276,0.9198565098121967,0.9201616391816753,0.9201506252079379,0.00027020836563129805
83.13132786750793,2.423719277363832,2.4252231121063232,0.3853397509566492,gini,0.5,900,3,100,"{'model__criterion': 'gini', 'model__max_features': 0.5, 'model__max_leaf_nodes': 900, 'model__min_samples_leaf': 3, 'model__n_estimators': 100}",0.9179179810725552,0.9172184381435133,0.9196859332135087,0.9182965299684542,0.9182797205995078,0.0008992903323483846,19,0.9205567654578165,0.9212721859251544,0.9205978563840418,0.9209784027280764,0.9208513026237723,0.0002933787349396617
76.64911186695099,16.034410712082924,2.935217261314392,0.46011721132429767,gini,0.5,600,3,100,"{'model__criterion': 'gini', 'model__max_features': 0.5, 'model__max_leaf_nodes': 600, 'model__min_samples_leaf': 3, 'model__n_estimators': 100}",0.9179179810725552,0.9172184381435133,0.9196859332135087,0.9182965299684542,0.9182797205995078,0.0008992903323483846,19,0.9205567654578165,0.9212721859251544,0.9205978563840418,0.9209784027280764,0.9208513026237723,0.0002933787349396617
108.1731584072113,20.645663405206513,3.3629342317581177,0.8289963223065959,gini,0.25,600,3,200,"{'model__criterion': 'gini', 'model__max_features': 0.25, 'model__max_leaf_nodes': 600, 'model__min_samples_leaf': 3, 'model__n_estimators': 200}",0.9180017063228743,0.9169203450025368,0.9201516108654454,0.9180338232969812,0.9182768713719595,0.0011714947855585515,21,0.9200560418839343,0.9208519423611696,0.9198756782384239,0.9202817554885379,0.9202663544930163,0.00036742675169095375
108.83447873592377,21.29303780178956,4.191845059394836,0.5658311842212094,gini,0.25,900,3,200,"{'model__criterion': 'gini', 'model__max_features': 0.25, 'model__max_leaf_nodes': 900, 'model__min_samples_leaf': 3, 'model__n_estimators': 200}",0.9180017063228743,0.9169203450025368,0.9201516108654454,0.9180338232969812,0.9182768713719595,0.0011714947855585515,21,0.9200560418839343,0.9208519423611696,0.9198756782384239,0.9202817554885379,0.9202663544930163,0.00036742675169095375
96.90994733572006,18.92852928970305,3.107994318008423,0.4086078307802483,gini,0.5,600,3,150,"{'model__criterion': 'gini', 'model__max_features': 0.5, 'model__max_leaf_nodes': 600, 'model__min_samples_leaf': 3, 'model__n_estimators': 150}",0.9179314044110687,0.9170626623582335,0.9200592854214625,0.9179365830572646,0.9182474838120074,0.0011048747006272366,23,0.9208424110384895,0.9214017442900276,0.9204889749200471,0.9210218839801686,0.9209387535571832,0.0003289581239526547
116.27779221534729,11.113091669124946,4.023882567882538,0.603621254129565,gini,0.5,900,3,150,"{'model__criterion': 'gini', 'model__max_features': 0.5, 'model__max_leaf_nodes': 900, 'model__min_samples_leaf': 3, 'model__n_estimators': 150}",0.9179314044110687,0.9170626623582335,0.9200592854214625,0.9179365830572646,0.9182474838120074,0.0011048747006272366,23,0.9208424110384895,0.9214017442900276,0.9204889749200471,0.9210218839801686,0.9209387535571832,0.0003289581239526547
61.93576645851135,4.7934133171940765,2.4767539501190186,0.26682257242785884,gini,0.25,900,3,100,"{'model__criterion': 'gini', 'model__max_features': 0.25, 'model__max_leaf_nodes': 900, 'model__min_samples_leaf': 3, 'model__n_estimators': 100}",0.9178454155089669,0.9171687702162745,0.9203170893471876,0.9176069024367118,0.9182345443772852,0.001226603419576711,25,0.9200408588789082,0.9206834077694447,0.9199190761190256,0.920195714526742,0.9202097643235301,0.0002905013735374685
55.86529403924942,6.677562634768684,2.7279874682426453,0.36448054445013556,gini,0.25,600,3,100,"{'model__criterion': 'gini', 'model__max_features': 0.25, 'model__max_leaf_nodes': 600, 'model__min_samples_leaf': 3, 'model__n_estimators': 100}",0.9178454155089669,0.9171687702162745,0.9203170893471876,0.9176069024367118,0.9182345443772852,0.001226603419576711,25,0.9200408588789082,0.9206834077694447,0.9199190761190256,0.920195714526742,0.9202097643235301,0.0002905013735374685
67.19251370429993,8.302663490621018,2.9334300756454468,0.2621273603206429,gini,0.25,600,3,150,"{'model__criterion': 'gini', 'model__max_features': 0.25, 'model__max_leaf_nodes': 600, 'model__min_samples_leaf': 3, 'model__n_estimators': 150}",0.9178173086037473,0.9170867814451948,0.9202578036143055,0.9177675241767271,0.9182323544599937,0.0012044824681130518,27,0.9200311867835469,0.9207951038122426,0.9200518445926722,0.9202737328257958,0.9202879670035644,0.00030784745770058407
77.71408492326736,15.963147828629522,3.4776722192764282,0.4240929164243643,gini,0.25,900,3,150,"{'model__criterion': 'gini', 'model__max_features': 0.25, 'model__max_leaf_nodes': 900, 'model__min_samples_leaf': 3, 'model__n_estimators': 150}",0.9178173086037473,0.9170867814451948,0.9202578036143055,0.9177675241767271,0.9182323544599937,0.0012044824681130518,27,0.9200311867835469,0.9207951038122426,0.9200518445926722,0.9202737328257958,0.9202879670035644,0.00030784745770058407
122.87673193216324,22.252069385114027,3.6695221662521362,0.07237421964558335,gini,0.5,900,3,200,"{'model__criterion': 'gini', 'model__max_features': 0.5, 'model__max_leaf_nodes': 900, 'model__min_samples_leaf': 3, 'model__n_estimators': 200}",0.9178185949630752,0.9171946274708566,0.919914238869971,0.9178548895899054,0.9181955877234521,0.0010263871041529403,29,0.9210468163020488,0.9213338943824952,0.9205090450147244,0.9210138520483349,0.9209759019369008,0.00029689351417170413
142.40024596452713,20.1695732427332,3.513449549674988,0.1137468057244106,gini,0.5,600,3,200,"{'model__criterion': 'gini', 'model__max_features': 0.5, 'model__max_leaf_nodes': 600, 'model__min_samples_leaf': 3, 'model__n_estimators': 200}",0.9178185949630752,0.9171946274708566,0.919914238869971,0.9178548895899054,0.9181955877234521,0.0010263871041529403,29,0.9210468163020488,0.9213338943824952,0.9205090450147244,0.9210138520483349,0.9209759019369008,0.00029689351417170413
58.604614198207855,11.530455789301842,2.984554648399353,0.10142392902360234,gini,0.25,300,3,100,"{'model__criterion': 'gini', 'model__max_features': 0.25, 'model__max_leaf_nodes': 300, 'model__min_samples_leaf': 3, 'model__n_estimators': 100}",0.9176485453454213,0.9170843113620504,0.9201554551486619,0.9175466329434081,0.9181087361998854,0.0012006498653988394,31,0.9198478510541899,0.9203549148541561,0.9196230949218998,0.9199839672594562,0.9199524570224255,0.00026570049078439566
118.38602113723755,21.867981564852773,3.6537439823150635,0.1774105764834045,gini,0.25,300,3,200,"{'model__criterion': 'gini', 'model__max_features': 0.25, 'model__max_leaf_nodes': 300, 'model__min_samples_leaf': 3, 'model__n_estimators': 200}",0.9176730951628201,0.916909805911455,0.9199709329878992,0.917852399924113,0.9181015584965719,0.001135836259717652,32,0.9197934232715008,0.920724897271099,0.9196783339130068,0.9200181417375988,0.9200536990483014,0.0004063292511667392
104.59631299972534,14.208612335395557,3.3926481008529663,0.34735694633446285,gini,0.5,300,3,150,"{'model__criterion': 'gini', 'model__max_features': 0.5, 'model__max_leaf_nodes': 300, 'model__min_samples_leaf': 3, 'model__n_estimators': 150}",0.9177265124499006,0.9169702537460006,0.9198852350474509,0.9178051935758685,0.9180967987048052,0.0010827919418911283,33,0.9204992738218022,0.9210180226624722,0.9200992973450582,0.9206262305092597,0.9205607060846481,0.00032791151644221594
139.7183254957199,19.03155240852943,4.057914853096008,0.5399605186341087,gini,0.5,300,3,200,"{'model__criterion': 'gini', 'model__max_features': 0.5, 'model__max_leaf_nodes': 300, 'model__min_samples_leaf': 3, 'model__n_estimators': 200}",0.9177844405870286,0.9170574071727284,0.9197982345523329,0.9176975511234536,0.9180844083588858,0.001028539114773133,34,0.920653294887715,0.9210747801203552,0.9201190588878722,0.9207365218398307,0.9206459139339432,0.00034269764972419577
86.5281788110733,15.650822945114259,3.117968499660492,0.46407372861399326,gini,0.25,300,3,150,"{'model__criterion': 'gini', 'model__max_features': 0.25, 'model__max_leaf_nodes': 300, 'model__min_samples_leaf': 3, 'model__n_estimators': 150}",0.9176887090656214,0.9169732335405303,0.9198685540950455,0.9177809388335704,0.918077858883692,0.001080090920453948,35,0.919838961257957,0.9205837416363732,0.9198351376137118,0.9200687625897763,0.9200816507744546,0.00030492961432259687
67.23780912160873,11.879207839726798,2.243728458881378,0.44102992748283776,gini,0.5,300,3,100,"{'model__criterion': 'gini', 'model__max_features': 0.5, 'model__max_leaf_nodes': 300, 'model__min_samples_leaf': 3, 'model__n_estimators': 100}",0.9178207514432632,0.9169412062848454,0.919396021813826,0.9179521150752342,0.9180275236542923,0.0008805273761869037,36,0.9201809764309764,0.9208754208754208,0.920054271800751,0.9206686738109775,0.9204448357295314,0.0003382561774988248
70.78551578521729,10.619623666301587,3.3061148524284363,0.4107350816678821,entropy,0.25,900,5,150,"{'model__criterion': 'entropy', 'model__max_features': 0.25, 'model__max_leaf_nodes': 900, 'model__min_samples_leaf': 5, 'model__n_estimators': 150}",0.9177713797576487,0.917005076142132,0.9194828185755382,0.9176344017972977,0.9179734190681542,0.0009181132130893062,37,0.9191418445700785,0.9196861686421732,0.9187068192605875,0.9193177260349159,0.9192131396269387,0.0003521853434280124
74.78648263216019,12.66470561184792,3.2090150117874146,0.38167940484885693,entropy,0.25,600,5,150,"{'model__criterion': 'entropy', 'model__max_features': 0.25, 'model__max_leaf_nodes': 600, 'model__min_samples_leaf': 5, 'model__n_estimators': 150}",0.9177713797576487,0.917005076142132,0.9194828185755382,0.9176344017972977,0.9179734190681542,0.0009181132130893062,37,0.9191418445700785,0.9196861686421732,0.9187068192605875,0.9193177260349159,0.9192131396269387,0.0003521853434280124
109.55526208877563,2.978014549158056,4.203692018985748,0.3123547339967584,entropy,0.25,600,5,200,"{'model__criterion': 'entropy', 'model__max_features': 0.25, 'model__max_leaf_nodes': 600, 'model__min_samples_leaf': 5, 'model__n_estimators': 200}",0.9176872685844488,0.9168887197056211,0.9195801985205792,0.9176634390228466,0.9179549064583739,0.0009918306025658886,39,0.9192131216707979,0.9197043348060356,0.9188077458549551,0.9192949123918092,0.9192550286808994,0.00031830992301579045
92.2359664440155,10.489810385428862,3.8366110920906067,0.6387225468770418,entropy,0.25,900,5,200,"{'model__criterion': 'entropy', 'model__max_features': 0.25, 'model__max_leaf_nodes': 900, 'model__min_samples_leaf': 5, 'model__n_estimators': 200}",0.9176872685844488,0.9168887197056211,0.9195801985205792,0.9176634390228466,0.9179549064583739,0.0009918306025658886,39,0.9192131216707979,0.9197043348060356,0.9188077458549551,0.9192949123918092,0.9192550286808994,0.00031830992301579045
79.4398028254509,14.614906631700265,3.536616027355194,0.2936830435732121,entropy,0.25,300,5,150,"{'model__criterion': 'entropy', 'model__max_features': 0.25, 'model__max_leaf_nodes': 300, 'model__min_samples_leaf': 5, 'model__n_estimators': 150}",0.9177713797576487,0.9169759842644586,0.9194144984350795,0.9176344017972977,0.9179490660636211,0.0008979095509864143,41,0.9191287379357629,0.9196941734774585,0.9186919831223629,0.9193371332066709,0.9192130069355637,0.00036245539396860185
107.40470445156097,13.47906866683654,3.205687701702118,0.43867670494432803,entropy,0.5,900,5,200,"{'model__criterion': 'entropy', 'model__max_features': 0.5, 'model__max_leaf_nodes': 900, 'model__min_samples_leaf': 5, 'model__n_estimators': 200}",0.9177013237291883,0.9166059146090209,0.9194836347568096,0.917885690815456,0.9179191409776187,0.0010272253340151592,42,0.919850865737035,0.9207890551769897,0.919323076275024,0.9199355185384201,0.9199746289318671,0.0005255135404189187
105.6001598238945,14.45114402345001,3.9959052205085754,0.22814408411030965,entropy,0.5,600,5,200,"{'model__criterion': 'entropy', 'model__max_features': 0.5, 'model__max_leaf_nodes': 600, 'model__min_samples_leaf': 5, 'model__n_estimators': 200}",0.9177013237291883,0.9166059146090209,0.9194836347568096,0.917885690815456,0.9179191409776187,0.0010272253340151592,42,0.919850865737035,0.9207890551769897,0.919323076275024,0.9199355185384201,0.9199746289318671,0.0005255135404189187
96.55728375911713,13.378667314367558,4.336299419403076,0.29480661883952625,entropy,0.25,300,5,200,"{'model__criterion': 'entropy', 'model__max_features': 0.25, 'model__max_leaf_nodes': 300, 'model__min_samples_leaf': 5, 'model__n_estimators': 200}",0.9175792872064316,0.9168834464818222,0.9195169754062085,0.9176291889497168,0.9179022245110449,0.0009777737528077696,44,0.9192177050148738,0.9196832459904889,0.9187621297780778,0.9192738019843782,0.9192342206919546,0.00032647090068955737
108.46303886175156,17.252389501472685,3.3481577038764954,0.30872640737746976,entropy,0.5,300,5,200,"{'model__criterion': 'entropy', 'model__max_features': 0.5, 'model__max_leaf_nodes': 300, 'model__min_samples_leaf': 5, 'model__n_estimators': 200}",0.917667130039176,0.9164844220468448,0.9194785518133898,0.9178805017536099,0.9178776514132552,0.001066336899385437,45,0.9198150469228906,0.9207776888402073,0.9193293594793268,0.919870612902886,0.9199481770363278,0.0005231550495618937
49.56530910730362,6.472110031689708,2.8551188111305237,0.2436681406474475,entropy,0.25,300,5,100,"{'model__criterion': 'entropy', 'model__max_features': 0.25, 'model__max_leaf_nodes': 300, 'model__min_samples_leaf': 5, 'model__n_estimators': 100}",0.9176864940075262,0.91672218520986,0.9195903660155509,0.9174311926605505,0.9178575594733718,0.0010609836572190758,46,0.9191776489193464,0.9196786301716503,0.9188122989293813,0.919376965450286,0.919261385867666,0.00031469922298035254
67.06685191392899,2.689015721220106,2.830487310886383,0.13242185633865425,entropy,0.5,300,5,100,"{'model__criterion': 'entropy', 'model__max_features': 0.5, 'model__max_leaf_nodes': 300, 'model__min_samples_leaf': 5, 'model__n_estimators': 100}",0.9178484570923218,0.9165028846763457,0.9193028982761887,0.9177117225258237,0.91784149064267,0.000993034050266717,47,0.9195893656225322,0.9204436532931672,0.9194683181664981,0.9199317132800809,0.9198582625905696,0.00037829866235607765
90.01087003946304,13.723089773092488,3.3038610219955444,0.19002300827189061,entropy,0.5,600,5,150,"{'model__criterion': 'entropy', 'model__max_features': 0.5, 'model__max_leaf_nodes': 600, 'model__min_samples_leaf': 5, 'model__n_estimators': 150}",0.9177199191102123,0.9164104352236345,0.9196236898598308,0.917603942878807,0.9178394967681212,0.0011505809768848168,48,0.9197809142616389,0.9206028245553063,0.919501969789538,0.9199076952256514,0.9199483509580336,0.00040536396392305254
86.78891360759735,12.246403423305832,3.266627252101898,0.21675946852907105,entropy,0.5,900,5,150,"{'model__criterion': 'entropy', 'model__max_features': 0.5, 'model__max_leaf_nodes': 900, 'model__min_samples_leaf': 5, 'model__n_estimators': 150}",0.9177199191102123,0.9164104352236345,0.9196236898598308,0.917603942878807,0.9178394967681212,0.0011505809768848168,48,0.9197809142616389,0.9206028245553063,0.919501969789538,0.9199076952256514,0.9199483509580336,0.00040536396392305254
56.58042573928833,6.979976111918786,2.3339885473251343,0.3761510892553099,entropy,0.5,900,5,100,"{'model__criterion': 'entropy', 'model__max_features': 0.5, 'model__max_leaf_nodes': 900, 'model__min_samples_leaf': 5, 'model__n_estimators': 100}",0.9178536462116667,0.9165319385005548,0.9193130879474715,0.9176537477494552,0.917838105102287,0.0009894284644041953,50,0.9196559239410818,0.9204841105153945,0.9195138391540633,0.9199578503688093,0.9199029309948372,0.00037188395969524644
54.826628386974335,9.720033583623621,2.4653162360191345,0.27531472722065914,entropy,0.5,600,5,100,"{'model__criterion': 'entropy', 'model__max_features': 0.5, 'model__max_leaf_nodes': 600, 'model__min_samples_leaf': 5, 'model__n_estimators': 100}",0.9178536462116667,0.9165319385005548,0.9193130879474715,0.9176537477494552,0.917838105102287,0.0009894284644041953,50,0.9196559239410818,0.9204841105153945,0.9195138391540633,0.9199578503688093,0.9199029309948372,0.00037188395969524644
51.43592810630798,7.8545323650567225,2.6620178818702698,0.33056508225040687,entropy,0.25,900,5,100,"{'model__criterion': 'entropy', 'model__max_features': 0.25, 'model__max_leaf_nodes': 900, 'model__min_samples_leaf': 5, 'model__n_estimators': 100}",0.9175309891221857,0.9167565509802678,0.9196245140491166,0.9174021701306507,0.9178285560705552,0.0010776143828929161,52,0.9192249304208484,0.9197128006157285,0.9188499346074337,0.9194111750118714,0.9192997101639705,0.0003126332495475227
54.99524426460266,5.958455437528374,2.727574348449707,0.135426677101291,entropy,0.25,600,5,100,"{'model__criterion': 'entropy', 'model__max_features': 0.25, 'model__max_leaf_nodes': 600, 'model__min_samples_leaf': 5, 'model__n_estimators': 100}",0.9175309891221857,0.9167565509802678,0.9196245140491166,0.9174021701306507,0.9178285560705552,0.0010776143828929161,52,0.9192249304208484,0.9197128006157285,0.9188499346074337,0.9194111750118714,0.9192997101639705,0.0003126332495475227
98.25731956958771,6.021567953693133,3.160991132259369,0.27591323224331854,entropy,0.5,300,5,150,"{'model__criterion': 'entropy', 'model__max_features': 0.5, 'model__max_leaf_nodes': 300, 'model__min_samples_leaf': 5, 'model__n_estimators': 150}",0.9177147190798205,0.9164104352236345,0.9195946585850933,0.9175697450317526,0.9178223894800752,0.0011412684538750848,54,0.9198361121936319,0.9205510036438697,0.9194712171485754,0.9198638581258364,0.9199305477779783,0.000390293382572754
85.94625556468964,11.882611244978477,3.7477574348449707,0.45437167977355436,gini,0.25,900,5,200,"{'model__criterion': 'gini', 'model__max_features': 0.25, 'model__max_leaf_nodes': 900, 'model__min_samples_leaf': 5, 'model__n_estimators': 200}",0.9177081026354922,0.916497461928934,0.9196702151182993,0.9172780166961801,0.9177884490947263,0.001169902561830591,55,0.9188847175939596,0.9195552510934288,0.9188322983985746,0.9190010445351818,0.9190683279052863,0.0002876820803889044
110.34623402357101,7.101389313311328,3.4334754943847656,0.18622846027492598,gini,0.25,600,5,200,"{'model__criterion': 'gini', 'model__max_features': 0.25, 'model__max_leaf_nodes': 600, 'model__min_samples_leaf': 5, 'model__n_estimators': 200}",0.9177081026354922,0.916497461928934,0.9196702151182993,0.9172780166961801,0.9177884490947263,0.001169902561830591,55,0.9188847175939596,0.9195552510934288,0.9188322983985746,0.9190010445351818,0.9190683279052863,0.0002876820803889044
112.59507346153259,6.845091014087271,4.17726057767868,0.4972743182433104,gini,0.25,300,5,200,"{'model__criterion': 'gini', 'model__max_features': 0.25, 'model__max_leaf_nodes': 300, 'model__min_samples_leaf': 5, 'model__n_estimators': 200}",0.9177371385180029,0.916497461928934,0.9194755962723109,0.9171410499683744,0.9177128116719055,0.0011081502364563584,57,0.9188066186473746,0.9195130947989671,0.918798102266737,0.9190398311791084,0.9190394117230468,0.00029017180348124485
55.348850190639496,9.104268431956005,2.77827250957489,0.25775140323009965,gini,0.25,900,5,100,"{'model__criterion': 'gini', 'model__max_features': 0.25, 'model__max_leaf_nodes': 900, 'model__min_samples_leaf': 5, 'model__n_estimators': 100}",0.9176574753351885,0.9164180998921114,0.9195198989260897,0.9172043010752688,0.9176999438071647,0.0011404851759507244,58,0.9189143592230963,0.9195775449543605,0.9186937863115385,0.9189200595043415,0.9190264374983342,0.0003310037981468513
66.54353469610214,2.4318889169705065,2.9662500619888306,0.3004728358517935,gini,0.25,600,5,100,"{'model__criterion': 'gini', 'model__max_features': 0.25, 'model__max_leaf_nodes': 600, 'model__min_samples_leaf': 5, 'model__n_estimators': 100}",0.9176574753351885,0.9164180998921114,0.9195198989260897,0.9172043010752688,0.9176999438071647,0.0011404851759507244,58,0.9189143592230963,0.9195775449543605,0.9186937863115385,0.9189200595043415,0.9190264374983342,0.0003310037981468513
57.07435578107834,10.984325757214402,2.780322790145874,0.26607732682458063,gini,0.25,300,5,100,"{'model__criterion': 'gini', 'model__max_features': 0.25, 'model__max_leaf_nodes': 300, 'model__min_samples_leaf': 5, 'model__n_estimators': 100}",0.9176232489011162,0.9164471805286707,0.9195540254571871,0.917009298500854,0.917658438346957,0.0011707921284036175,60,0.9189029598152619,0.9195952355855381,0.9186612961049369,0.9188356561830708,0.9189987869222018,0.0003554734632176269
78.891850233078,10.121512539861307,2.5526753067970276,0.5382323286815078,gini,0.25,600,5,150,"{'model__criterion': 'gini', 'model__max_features': 0.25, 'model__max_leaf_nodes': 600, 'model__min_samples_leaf': 5, 'model__n_estimators': 150}",0.9177133095004587,0.9161351737267968,0.9195235236500363,0.9172095376636519,0.9176453861352359,0.0012250223994716934,61,0.9187923780198458,0.9195126064592293,0.9187405095326472,0.9188926868379964,0.9189845452124297,0.0003097451711639487
82.76832020282745,16.736623271932753,2.9655755162239075,0.2890343232247404,gini,0.25,900,5,150,"{'model__criterion': 'gini', 'model__max_features': 0.25, 'model__max_leaf_nodes': 900, 'model__min_samples_leaf': 5, 'model__n_estimators': 150}",0.9177133095004587,0.9161351737267968,0.9195235236500363,0.9172095376636519,0.9176453861352359,0.0012250223994716934,61,0.9187923780198458,0.9195126064592293,0.9187405095326472,0.9188926868379964,0.9189845452124297,0.0003097451711639487
66.21277266740799,9.434238373156868,2.156893789768219,0.2675431592797345,gini,0.5,300,5,100,"{'model__criterion': 'gini', 'model__max_features': 0.5, 'model__max_leaf_nodes': 300, 'model__min_samples_leaf': 5, 'model__n_estimators': 100}",0.9173188588740218,0.9164739792847867,0.9191900075700227,0.9175631763258353,0.9176365055136666,0.0009837571383987452,63,0.9194006607883163,0.9199355864057845,0.9186799305226591,0.9193441379963985,0.9193400789282896,0.0004455647290257443
104.20505672693253,18.726740647391562,3.284123718738556,0.28747745738286395,gini,0.5,600,5,150,"{'model__criterion': 'gini', 'model__max_features': 0.5, 'model__max_leaf_nodes': 600, 'model__min_samples_leaf': 5, 'model__n_estimators': 150}",0.9174271369478039,0.9164396579030726,0.9192719013218082,0.9174057124822471,0.9176361021637329,0.0010251906677821484,64,0.9195738678232309,0.9199945281013564,0.9189257477339005,0.9194545358816406,0.919487169885032,0.0003811786661522197
121.48629581928253,11.954976219420079,3.5574974417686462,0.5437426443845287,gini,0.5,900,5,150,"{'model__criterion': 'gini', 'model__max_features': 0.5, 'model__max_leaf_nodes': 900, 'model__min_samples_leaf': 5, 'model__n_estimators': 150}",0.9174271369478039,0.9164396579030726,0.9192719013218082,0.9174057124822471,0.9176361021637329,0.0010251906677821484,64,0.9195738678232309,0.9199945281013564,0.9189257477339005,0.9194545358816406,0.919487169885032,0.0003811786661522197
80.74494433403015,16.487667126198758,3.231342852115631,0.45950945389770487,gini,0.5,900,5,100,"{'model__criterion': 'gini', 'model__max_features': 0.5, 'model__max_leaf_nodes': 900, 'model__min_samples_leaf': 5, 'model__n_estimators': 100}",0.9173425911314502,0.9164396579030726,0.9191610156126794,0.9175921251892983,0.9176338474591251,0.000980421116309906,66,0.9195070874593536,0.9199776867941607,0.9187851992210117,0.9194671160023169,0.9194342723692108,0.0004251399565275233
69.88995391130447,9.041440525941848,2.864753007888794,0.017610077286666036,gini,0.5,600,5,100,"{'model__criterion': 'gini', 'model__max_features': 0.5, 'model__max_leaf_nodes': 600, 'model__min_samples_leaf': 5, 'model__n_estimators': 100}",0.9173425911314502,0.9164396579030726,0.9191610156126794,0.9175921251892983,0.9176338474591251,0.000980421116309906,66,0.9195070874593536,0.9199776867941607,0.9187851992210117,0.9194671160023169,0.9194342723692108,0.0004251399565275233
80.21113657951355,14.057442902516833,3.4264608025550842,0.4773497430095206,gini,0.25,300,5,150,"{'model__criterion': 'gini', 'model__max_features': 0.25, 'model__max_leaf_nodes': 300, 'model__min_samples_leaf': 5, 'model__n_estimators': 150}",0.9176448255133357,0.9161879978420234,0.9194654197339737,0.9171752948989595,0.9176183844970731,0.0011889672691661815,68,0.9187598861119899,0.9195075158644825,0.9187080174204638,0.9188550447874574,0.9189576160460985,0.00032183352611223515
110.0245264172554,7.41322110935678,2.9089465141296387,0.23700894940912218,gini,0.5,300,5,150,"{'model__criterion': 'gini', 'model__max_features': 0.5, 'model__max_leaf_nodes': 300, 'model__min_samples_leaf': 5, 'model__n_estimators': 150}",0.9173402374336954,0.9164686876366055,0.919237806801691,0.9173478082494398,0.9175986350303579,0.001011601280219849,69,0.9195174838424455,0.9199717980826906,0.9188449432051458,0.9194107178585343,0.9194362357472041,0.0004011565470947923
160.9012407064438,10.012306133749128,3.845705568790436,0.38791044926425716,gini,0.5,600,5,200,"{'model__criterion': 'gini', 'model__max_features': 0.5, 'model__max_leaf_nodes': 600, 'model__min_samples_leaf': 5, 'model__n_estimators': 200}",0.9173188588740218,0.9164343639128231,0.9193741719765315,0.9172296230822653,0.9175892544614104,0.0010865255654547929,70,0.9193711327187776,0.9200947119179164,0.9188972979800638,0.9195518490438884,0.9194787479151615,0.00042849168172462914
146.34566801786423,26.321618025175066,4.306553542613983,0.5563359704694663,gini,0.5,900,5,200,"{'model__criterion': 'gini', 'model__max_features': 0.5, 'model__max_leaf_nodes': 900, 'model__min_samples_leaf': 5, 'model__n_estimators': 200}",0.9173188588740218,0.9164343639128231,0.9193741719765315,0.9172296230822653,0.9175892544614104,0.0010865255654547929,70,0.9193711327187776,0.9200947119179164,0.9188972979800638,0.9195518490438884,0.9194787479151615,0.00042849168172462914
117.60847395658493,9.824785907658962,3.799272358417511,0.3344950387000248,gini,0.5,300,5,200,"{'model__criterion': 'gini', 'model__max_features': 0.5, 'model__max_leaf_nodes': 300, 'model__min_samples_leaf': 5, 'model__n_estimators': 200}",0.9172951311097788,0.9164977192093259,0.919340083909025,0.9171717171717172,0.9175761628499618,0.001062663320891867,72,0.9193164839327427,0.9200623000505136,0.9187772374155245,0.9194772921119968,0.9194083283776945,0.000458024603624044
111.10343658924103,10.568799971124847,4.21814489364624,0.26627880563990375,entropy,0.25,300,7,200,"{'model__criterion': 'entropy', 'model__max_features': 0.25, 'model__max_leaf_nodes': 300, 'model__min_samples_leaf': 7, 'model__n_estimators': 200}",0.9170148120015191,0.9164471805286707,0.9192676216677734,0.9172075352224157,0.9174842873550947,0.0010668728474787729,73,0.918383927911958,0.9191042288583454,0.9180362477173649,0.9185300983384914,0.91851362570654,0.00038529037523476404
88.44347858428955,19.360418551022192,3.4929133653640747,0.1088264007257661,entropy,0.25,600,7,200,"{'model__criterion': 'entropy', 'model__max_features': 0.25, 'model__max_leaf_nodes': 600, 'model__min_samples_leaf': 7, 'model__n_estimators': 200}",0.9170148120015191,0.9164180998921114,0.9192676216677734,0.9172075352224157,0.9174770171959549,0.0010739907363080021,74,0.918383927911958,0.9191059354661772,0.9180362477173649,0.9185203963073283,0.9185116268507072,0.00038586654855218
89.4348179101944,17.297561965130598,3.3432098031044006,0.16648399162298774,entropy,0.25,900,7,200,"{'model__criterion': 'entropy', 'model__max_features': 0.25, 'model__max_leaf_nodes': 900, 'model__min_samples_leaf': 7, 'model__n_estimators': 200}",0.9170148120015191,0.9164180998921114,0.9192676216677734,0.9172075352224157,0.9174770171959549,0.0010739907363080021,74,0.918383927911958,0.9191059354661772,0.9180362477173649,0.9185203963073283,0.9185116268507072,0.00038586654855218
49.93134242296219,9.271826864308064,2.8486146926879883,0.23672774116462766,entropy,0.25,300,7,100,"{'model__criterion': 'entropy', 'model__max_features': 0.25, 'model__max_leaf_nodes': 300, 'model__min_samples_leaf': 7, 'model__n_estimators': 100}",0.9167616153943537,0.9164471805286707,0.919195751138088,0.9174660461582297,0.9174676483048355,0.001063740913244775,76,0.9182995156848469,0.9191139240506329,0.9180009499182015,0.9186912039529949,0.918526398401669,0.00041830584920280595
44.93229651451111,9.709142142945044,2.5644479393959045,0.23084493861330727,entropy,0.25,600,7,100,"{'model__criterion': 'entropy', 'model__max_features': 0.25, 'model__max_leaf_nodes': 600, 'model__min_samples_leaf': 7, 'model__n_estimators': 100}",0.9167616153943537,0.9164471805286707,0.919195751138088,0.9174660461582297,0.9174676483048355,0.001063740913244775,76,0.9182995156848469,0.9191139240506329,0.9180009499182015,0.9186912039529949,0.918526398401669,0.00041830584920280595
50.68919795751572,6.783037004335145,2.5394376516342163,0.2283477598475456,entropy,0.25,900,7,100,"{'model__criterion': 'entropy', 'model__max_features': 0.25, 'model__max_leaf_nodes': 900, 'model__min_samples_leaf': 7, 'model__n_estimators': 100}",0.9167616153943537,0.9164471805286707,0.919195751138088,0.9174660461582297,0.9174676483048355,0.001063740913244775,76,0.9182995156848469,0.9191139240506329,0.9180009499182015,0.9186912039529949,0.918526398401669,0.00041830584920280595
69.61055278778076,8.712656977597378,3.0147355794906616,0.5277377319381015,entropy,0.25,900,7,150,"{'model__criterion': 'entropy', 'model__max_features': 0.25, 'model__max_leaf_nodes': 900, 'model__min_samples_leaf': 7, 'model__n_estimators': 150}",0.9168882136979365,0.9165344335131704,0.9191615819923493,0.9172127774084275,0.917449251652971,0.0010173066247923163,79,0.9183662702976461,0.9190614845761067,0.917868073878628,0.918666553996958,0.9184905956873347,0.0004358513665475555
65.46199071407318,12.45825951995516,3.047208786010742,0.42961230469865047,entropy,0.25,600,7,150,"{'model__criterion': 'entropy', 'model__max_features': 0.25, 'model__max_leaf_nodes': 600, 'model__min_samples_leaf': 7, 'model__n_estimators': 150}",0.9168882136979365,0.9165344335131704,0.9191615819923493,0.9172127774084275,0.917449251652971,0.0010173066247923163,79,0.9183662702976461,0.9190614845761067,0.917868073878628,0.918666553996958,0.9184905956873347,0.0004358513665475555
66.97913783788681,8.150406997312686,3.3073845505714417,0.6956535940951063,entropy,0.25,300,7,150,"{'model__criterion': 'entropy', 'model__max_features': 0.25, 'model__max_leaf_nodes': 300, 'model__min_samples_leaf': 7, 'model__n_estimators': 150}",0.9168882136979365,0.916500047605446,0.9191615819923493,0.9172127774084275,0.9174406551760399,0.0010251160388771209,81,0.9183662702976461,0.9190614845761067,0.917868073878628,0.9186437097285307,0.9184848846202278,0.00043365244511630246
57.937499940395355,7.97551051891139,2.4534313082695007,0.11712667410727763,entropy,0.5,600,7,100,"{'model__criterion': 'entropy', 'model__max_features': 0.5, 'model__max_leaf_nodes': 600, 'model__min_samples_leaf': 7, 'model__n_estimators': 100}",0.9171721000758151,0.9161830463324137,0.9189462379177459,0.9173169884047897,0.9174045931826911,0.000991283617134987,82,0.9189394098940673,0.91955500305514,0.9185389706192303,0.9190214699031377,0.9190137133678938,0.0003619241539982495
60.7724152803421,6.275144442525667,2.520101249217987,0.19166874357131403,entropy,0.5,900,7,100,"{'model__criterion': 'entropy', 'model__max_features': 0.5, 'model__max_leaf_nodes': 900, 'model__min_samples_leaf': 7, 'model__n_estimators': 100}",0.9171721000758151,0.9161830463324137,0.9189462379177459,0.9173169884047897,0.9174045931826911,0.000991283617134987,82,0.9189394098940673,0.91955500305514,0.9185389706192303,0.9190214699031377,0.9190137133678938,0.0003619241539982495
60.175371050834656,6.660267344380107,2.6886078119277954,0.2887378737982416,entropy,0.5,300,7,100,"{'model__criterion': 'entropy', 'model__max_features': 0.5, 'model__max_leaf_nodes': 300, 'model__min_samples_leaf': 7, 'model__n_estimators': 100}",0.9171721000758151,0.9161830463324137,0.9189462379177459,0.9173169884047897,0.9174045931826911,0.000991283617134987,82,0.9189394098940673,0.91955500305514,0.9185389706192303,0.9190214699031377,0.9190137133678938,0.0003619241539982495
120.57904464006424,15.159392627827101,3.7246456146240234,0.1317224049096469,entropy,0.5,600,7,200,"{'model__criterion': 'entropy', 'model__max_features': 0.5, 'model__max_leaf_nodes': 600, 'model__min_samples_leaf': 7, 'model__n_estimators': 200}",0.9173540659271199,0.9158659182443789,0.9187618445988629,0.9174961291749613,0.9173694894863307,0.0010266029826488648,85,0.9189439750532016,0.9195583928533805,0.9185714436259788,0.9190437037505534,0.9190293788207786,0.0003525122325733809
111.38948422670364,8.274159390386771,3.488644599914551,0.20238553205402762,entropy,0.5,300,7,200,"{'model__criterion': 'entropy', 'model__max_features': 0.5, 'model__max_leaf_nodes': 300, 'model__min_samples_leaf': 7, 'model__n_estimators': 200}",0.9173540659271199,0.9158659182443789,0.9187618445988629,0.9174961291749613,0.9173694894863307,0.0010266029826488648,85,0.9189439750532016,0.9195583928533805,0.9185714436259788,0.9190437037505534,0.9190293788207786,0.0003525122325733809
61.61779063940048,4.806550479010128,0.7642265558242798,0.1510249978019671,entropy,0.5,900,7,200,"{'model__criterion': 'entropy', 'model__max_features': 0.5, 'model__max_leaf_nodes': 900, 'model__min_samples_leaf': 7, 'model__n_estimators': 200}",0.9173540659271199,0.9158659182443789,0.9187618445988629,0.9174961291749613,0.9173694894863307,0.0010266029826488648,85,0.9189439750532016,0.9195583928533805,0.9185714436259788,0.9190437037505534,0.9190293788207786,0.0003525122325733809
95.68483835458755,6.78516738257628,3.2239060401916504,0.1625690589150739,entropy,0.5,300,7,150,"{'model__criterion': 'entropy', 'model__max_features': 0.5, 'model__max_leaf_nodes': 300, 'model__min_samples_leaf': 7, 'model__n_estimators': 150}",0.9171644385449259,0.9158842933265668,0.9188437845522034,0.917224819916593,0.9172793340850722,0.0010499781856910986,88,0.9189342941120698,0.9195322376738306,0.9185981554677207,0.9189821646919931,0.9190117129864036,0.00033497856471937997
83.08348095417023,13.929007359930045,3.1232526898384094,0.2846600139101928,entropy,0.5,600,7,150,"{'model__criterion': 'entropy', 'model__max_features': 0.5, 'model__max_leaf_nodes': 600, 'model__min_samples_leaf': 7, 'model__n_estimators': 150}",0.9171644385449259,0.9158842933265668,0.9188437845522034,0.917224819916593,0.9172793340850722,0.0010499781856910986,88,0.9189342941120698,0.9195322376738306,0.9185981554677207,0.9189821646919931,0.9190117129864036,0.00033497856471937997
76.90079140663147,3.1955658724845404,1.4910463094711304,0.24323587413959324,entropy,0.5,900,7,150,"{'model__criterion': 'entropy', 'model__max_features': 0.5, 'model__max_leaf_nodes': 900, 'model__min_samples_leaf': 7, 'model__n_estimators': 150}",0.9171644385449259,0.9158842933265668,0.9188437845522034,0.917224819916593,0.9172793340850722,0.0010499781856910986,88,0.9189342941120698,0.9195322376738306,0.9185981554677207,0.9189821646919931,0.9190117129864036,0.00033497856471937997
99.66217255592346,9.533033130662545,3.023956775665283,0.3470735180256269,gini,0.5,300,7,150,"{'model__criterion': 'gini', 'model__max_features': 0.5, 'model__max_leaf_nodes': 300, 'model__min_samples_leaf': 7, 'model__n_estimators': 150}",0.9168877099911583,0.9161519211885077,0.9186666246176165,0.9170901057282626,0.9171990903813863,0.0009163863070584257,91,0.9183475807470417,0.9194168114111269,0.9179527128029139,0.9186224033186983,0.9185848770699452,0.0005360653348141357
94.45925718545914,11.991170646557086,2.8012900352478027,0.11858204768496947,gini,0.5,600,7,150,"{'model__criterion': 'gini', 'model__max_features': 0.5, 'model__max_leaf_nodes': 600, 'model__min_samples_leaf': 7, 'model__n_estimators': 150}",0.9168877099911583,0.9161519211885077,0.9186666246176165,0.9170901057282626,0.9171990903813863,0.0009163863070584257,91,0.9183475807470417,0.9194168114111269,0.9179527128029139,0.9186224033186983,0.9185848770699452,0.0005360653348141357
108.92322790622711,21.99503256337965,3.3709400296211243,0.8428063965465546,gini,0.5,900,7,150,"{'model__criterion': 'gini', 'model__max_features': 0.5, 'model__max_leaf_nodes': 900, 'model__min_samples_leaf': 7, 'model__n_estimators': 150}",0.9168877099911583,0.9161519211885077,0.9186666246176165,0.9170901057282626,0.9171990903813863,0.0009163863070584257,91,0.9183475807470417,0.9194168114111269,0.9179527128029139,0.9186224033186983,0.9185848770699452,0.0005360653348141357
98.8107739686966,22.302528354297475,3.5213117003440857,0.4633515801458072,gini,0.25,900,7,200,"{'model__criterion': 'gini', 'model__max_features': 0.25, 'model__max_leaf_nodes': 900, 'model__min_samples_leaf': 7, 'model__n_estimators': 200}",0.9171228758583589,0.9159346757570953,0.9190367842244975,0.9165506769581172,0.9171612531995172,0.0011615060282665897,94,0.9180767120975568,0.9188910081456737,0.9177374095406883,0.9180556141609351,0.9181901859862134,0.0004263637262885296
115.34041172266006,3.8698406111364916,3.964117169380188,0.6244737489773253,gini,0.25,300,7,200,"{'model__criterion': 'gini', 'model__max_features': 0.25, 'model__max_leaf_nodes': 300, 'model__min_samples_leaf': 7, 'model__n_estimators': 200}",0.9171228758583589,0.9159346757570953,0.9190367842244975,0.9165506769581172,0.9171612531995172,0.0011615060282665897,94,0.9180767120975568,0.9188910081456737,0.9177374095406883,0.9180556141609351,0.9181901859862134,0.0004263637262885296
92.61690539121628,8.921945558815821,3.8586211800575256,0.32864160968616885,gini,0.25,600,7,200,"{'model__criterion': 'gini', 'model__max_features': 0.25, 'model__max_leaf_nodes': 600, 'model__min_samples_leaf': 7, 'model__n_estimators': 200}",0.9171228758583589,0.9159346757570953,0.9190367842244975,0.9165506769581172,0.9171612531995172,0.0011615060282665897,94,0.9180767120975568,0.9188910081456737,0.9177374095406883,0.9180556141609351,0.9181901859862134,0.0004263637262885296
69.88425636291504,9.71299029403376,3.1601741313934326,0.5322851344535299,gini,0.25,300,7,150,"{'model__criterion': 'gini', 'model__max_features': 0.25, 'model__max_leaf_nodes': 300, 'model__min_samples_leaf': 7, 'model__n_estimators': 150}",0.916901274792016,0.9161617763679619,0.9190419010301459,0.9165111202505616,0.9171540181101714,0.0011209195373974848,97,0.9180217230834125,0.9188568297257993,0.9177848101265823,0.9182054149872327,0.9182171944807567,0.00039825786247194836
90.22378373146057,7.338059059996128,3.358177661895752,0.35423853670749667,gini,0.25,900,7,150,"{'model__criterion': 'gini', 'model__max_features': 0.25, 'model__max_leaf_nodes': 900, 'model__min_samples_leaf': 7, 'model__n_estimators': 150}",0.916901274792016,0.9161617763679619,0.9190419010301459,0.9165111202505616,0.9171540181101714,0.0011209195373974848,97,0.9180217230834125,0.9188568297257993,0.9177848101265823,0.9182054149872327,0.9182171944807567,0.00039825786247194836
76.40379214286804,9.172971707565399,2.920017719268799,0.06710834917446434,gini,0.25,600,7,150,"{'model__criterion': 'gini', 'model__max_features': 0.25, 'model__max_leaf_nodes': 600, 'model__min_samples_leaf': 7, 'model__n_estimators': 150}",0.916901274792016,0.9161617763679619,0.9190419010301459,0.9165111202505616,0.9171540181101714,0.0011209195373974848,97,0.9180217230834125,0.9188568297257993,0.9177848101265823,0.9182054149872327,0.9182171944807567,0.00039825786247194836
156.90862172842026,13.930947911939795,4.072867810726166,0.4509851281782372,gini,0.5,300,7,200,"{'model__criterion': 'gini', 'model__max_features': 0.5, 'model__max_leaf_nodes': 300, 'model__min_samples_leaf': 7, 'model__n_estimators': 200}",0.916948135989141,0.9161069572931188,0.9185984167533983,0.9169349239411727,0.9171471084942078,0.000904547197032952,100,0.9184444561385045,0.919308660687971,0.9180959600745444,0.9186366077351557,0.9186214211590439,0.00044157524048339187
136.38565385341644,20.683888942426787,3.7937347888946533,0.5036820102974299,gini,0.5,600,7,200,"{'model__criterion': 'gini', 'model__max_features': 0.5, 'model__max_leaf_nodes': 600, 'model__min_samples_leaf': 7, 'model__n_estimators': 200}",0.916948135989141,0.9161069572931188,0.9185984167533983,0.9169349239411727,0.9171471084942078,0.000904547197032952,100,0.9184444561385045,0.919308660687971,0.9180959600745444,0.9186366077351557,0.9186214211590439,0.00044157524048339187
158.95520639419556,15.827934301591732,3.8906924724578857,0.12913562584257854,gini,0.5,900,7,200,"{'model__criterion': 'gini', 'model__max_features': 0.5, 'model__max_leaf_nodes': 900, 'model__min_samples_leaf': 7, 'model__n_estimators': 200}",0.916948135989141,0.9161069572931188,0.9185984167533983,0.9169349239411727,0.9171471084942078,0.000904547197032952,100,0.9184444561385045,0.919308660687971,0.9180959600745444,0.9186366077351557,0.9186214211590439,0.00044157524048339187
80.82356226444244,4.460285433229644,2.5996793508529663,0.4876693255320913,gini,0.5,300,7,100,"{'model__criterion': 'gini', 'model__max_features': 0.5, 'model__max_leaf_nodes': 300, 'model__min_samples_leaf': 7, 'model__n_estimators': 100}",0.9169191919191919,0.9159618613196491,0.9183512567409884,0.9170189941313813,0.9170628260278026,0.0008506951545031109,103,0.9184365067671388,0.9192819918934568,0.9180265734560232,0.9186821517694502,0.9186068059715173,0.00045475944451434786
70.26093423366547,13.05345828707958,3.03855437040329,0.3230922942321053,gini,0.5,600,7,100,"{'model__criterion': 'gini', 'model__max_features': 0.5, 'model__max_leaf_nodes': 600, 'model__min_samples_leaf': 7, 'model__n_estimators': 100}",0.9169191919191919,0.9159618613196491,0.9183512567409884,0.9170189941313813,0.9170628260278026,0.0008506951545031109,103,0.9184365067671388,0.9192819918934568,0.9180265734560232,0.9186821517694502,0.9186068059715173,0.00045475944451434786
69.81566894054413,9.644791252461532,2.8213642835617065,0.43571115726535853,gini,0.5,900,7,100,"{'model__criterion': 'gini', 'model__max_features': 0.5, 'model__max_leaf_nodes': 900, 'model__min_samples_leaf': 7, 'model__n_estimators': 100}",0.9169191919191919,0.9159618613196491,0.9183512567409884,0.9170189941313813,0.9170628260278026,0.0008506951545031109,103,0.9184365067671388,0.9192819918934568,0.9180265734560232,0.9186821517694502,0.9186068059715173,0.00045475944451434786
56.510963678359985,8.197457995345097,2.8841360211372375,0.18921265037478824,gini,0.25,600,7,100,"{'model__criterion': 'gini', 'model__max_features': 0.25, 'model__max_leaf_nodes': 600, 'model__min_samples_leaf': 7, 'model__n_estimators': 100}",0.916772071844169,0.9160402194944016,0.9188352703385548,0.9165453970262575,0.9170482396758457,0.001065211560813053,106,0.9179228774430225,0.9188471468465146,0.9176631867552463,0.9182454955905313,0.9181696766588285,0.00044219798760316783
55.33686542510986,5.87822559739362,2.6107242703437805,0.4562667718060143,gini,0.25,900,7,100,"{'model__criterion': 'gini', 'model__max_features': 0.25, 'model__max_leaf_nodes': 900, 'model__min_samples_leaf': 7, 'model__n_estimators': 100}",0.916772071844169,0.9160402194944016,0.9188352703385548,0.9165453970262575,0.9170482396758457,0.001065211560813053,106,0.9179228774430225,0.9188471468465146,0.9176631867552463,0.9182454955905313,0.9181696766588285,0.00044219798760316783
51.461596608161926,9.795570877362737,2.6563390493392944,0.3696484875210037,gini,0.25,300,7,100,"{'model__criterion': 'gini', 'model__max_features': 0.25, 'model__max_leaf_nodes': 300, 'model__min_samples_leaf': 7, 'model__n_estimators': 100}",0.916772071844169,0.9160402194944016,0.9188352703385548,0.9165453970262575,0.9170482396758457,0.001065211560813053,106,0.9179228774430225,0.9188471468465146,0.9176631867552463,0.9182454955905313,0.9181696766588285,0.00044219798760316783
