mean_fit_time,std_fit_time,mean_score_time,std_score_time,param_model__criterion,param_model__max_leaf_nodes,param_model__min_samples_leaf,params,split0_test_balanced_accuracy,split1_test_balanced_accuracy,split2_test_balanced_accuracy,split3_test_balanced_accuracy,mean_test_balanced_accuracy,std_test_balanced_accuracy,rank_test_balanced_accuracy,split0_train_balanced_accuracy,split1_train_balanced_accuracy,split2_train_balanced_accuracy,split3_train_balanced_accuracy,mean_train_balanced_accuracy,std_train_balanced_accuracy,split0_test_f1_macro,split1_test_f1_macro,split2_test_f1_macro,split3_test_f1_macro,mean_test_f1_macro,std_test_f1_macro,rank_test_f1_macro,split0_train_f1_macro,split1_train_f1_macro,split2_train_f1_macro,split3_train_f1_macro,mean_train_f1_macro,std_train_f1_macro
5.5622678399086,0.18161952319451868,0.5975925922393799,0.046070037571718965,entropy,,3,"{'model__criterion': 'entropy', 'model__max_leaf_nodes': None, 'model__min_samples_leaf': 3}",0.8119121738058609,0.8079286178929396,0.8068975516654866,0.8153511668649401,0.8105223775573068,0.0033584107749245608,1,0.8466934680572125,0.8458896403647914,0.8474832330638258,0.8453408882379606,0.8463518074309475,0.0008112354710659497,0.7823281690039766,0.7896050121869107,0.7782171475685546,0.7810029609697609,0.7827883224323007,0.004206012231766261,1,0.8146436000526112,0.8254391782225852,0.81676849186487,0.8140094082656028,0.8177151696014172,0.004575033182609747
6.088022351264954,0.18653962205557198,0.6413366794586182,0.05161164510220907,entropy,3200,3,"{'model__criterion': 'entropy', 'model__max_leaf_nodes': 3200, 'model__min_samples_leaf': 3}",0.8107847809133593,0.8075600058124753,0.8062337765837173,0.8158244261957079,0.8101007473763151,0.0036958501022225825,2,0.8466825454221149,0.8459074820278218,0.8474920277504026,0.8452183664700201,0.8463251054175899,0.0008498163744893544,0.7809378373208824,0.7895813637897493,0.7780462706745497,0.7815021971341262,0.7825169172298269,0.004284163747210844,2,0.8146361650728526,0.8254795265730349,0.8167326456750413,0.8137512240185925,0.8176498903348803,0.004648297548258077
6.558896899223328,0.3707404198052302,0.6185318827629089,0.052602068935987394,gini,3200,3,"{'model__criterion': 'gini', 'model__max_leaf_nodes': 3200, 'model__min_samples_leaf': 3}",0.8044458108314476,0.8037656037186918,0.8046307337114564,0.8129294764190169,0.8064429061701532,0.0037588529108620334,4,0.8436282724701907,0.8438221339922459,0.8449829707148908,0.8419710807597262,0.8436011144842634,0.0010742583213967944,0.7746582250839649,0.7820648041375221,0.7751135179840938,0.7794874644402691,0.7778310029114623,0.003087077140732669,3,0.8119713470650002,0.8216064657140824,0.8136403568066561,0.8108562074885908,0.8145185942685824,0.004210426579038019
5.717301547527313,0.3021436984927944,0.610403835773468,0.03265987887808343,gini,,3,"{'model__criterion': 'gini', 'model__max_leaf_nodes': None, 'model__min_samples_leaf': 3}",0.804000713334814,0.804186299937776,0.8048778698614056,0.8125763807730653,0.8064103159767653,0.003574953789996128,5,0.8437300738989206,0.8438282200283576,0.8449797218519928,0.8419578041645339,0.8436239549859512,0.0010801791270438378,0.7744769210225224,0.78142455866063,0.7749784087505026,0.7789473474711861,0.7774568089762103,0.002871713010493012,4,0.8121436774452717,0.821537784644327,0.8136196558827736,0.8107814403917384,0.8145206395910276,0.0041738368450355496
5.3489726185798645,0.8669319245723467,0.5720314383506775,0.024893678298125606,entropy,3200,5,"{'model__criterion': 'entropy', 'model__max_leaf_nodes': 3200, 'model__min_samples_leaf': 5}",0.8036833470102634,0.8057218548587078,0.8021092948296145,0.8097319928129734,0.8053116223778898,0.002855439890408345,6,0.8363941422477748,0.8362492552693856,0.838452958709716,0.8367691604189148,0.8369663791614479,0.0008789959823105144,0.77089219965915,0.7801139010686815,0.7656359185607694,0.7692047542894354,0.7714616933945091,0.005343651543866491,5,0.7986013696930376,0.8073512587500411,0.8000579635025514,0.7978297883618934,0.8009600950768809,0.003775686031730091
5.267439961433411,0.8173731367380003,0.5942762494087219,0.0776134013113619,entropy,,5,"{'model__criterion': 'entropy', 'model__max_leaf_nodes': None, 'model__min_samples_leaf': 5}",0.8046300063723799,0.8043775369700757,0.802018612477924,0.8097425938710069,0.8051921874228466,0.0028176887544671455,7,0.836424755556855,0.8362576003126218,0.838452174309989,0.8367594138302208,0.8369734860024216,0.0008726315701083608,0.7713106853120124,0.7789397924400006,0.7654707487106638,0.7693977318218692,0.7712797395711366,0.004898053071834473,6,0.7985828064769398,0.8072824292454082,0.8000908242994202,0.7978071979884731,0.8009408145025603,0.003752276482296784
5.665471732616425,0.8205205981489517,0.6569406390190125,0.07365527587121419,entropy,1600,5,"{'model__criterion': 'entropy', 'model__max_leaf_nodes': 1600, 'model__min_samples_leaf': 5}",0.8035106781675545,0.8045759035650193,0.8010620996112612,0.8085019573232384,0.8044126596667682,0.0026827610406077755,8,0.8333730462814791,0.8330759569485005,0.8353899367488041,0.8332723902354908,0.8337778325535685,0.0009368608707088937,0.7672618045818657,0.7746074053803902,0.7592355900607684,0.765211084019366,0.7665789710105976,0.005493595787624291,7,0.7924727189801732,0.8001670463870425,0.7920218659269331,0.7911401392929611,0.7939504426467775,0.0036210165148448437
6.199280858039856,0.3888414270217449,0.5790953636169434,0.018654582424065414,entropy,1600,3,"{'model__criterion': 'entropy', 'model__max_leaf_nodes': 1600, 'model__min_samples_leaf': 3}",0.8063577583424131,0.8051257307590426,0.804988906974982,0.812476177754871,0.8072371434578272,0.003071377110279614,3,0.8382231788361023,0.8381014485807985,0.8394403193636502,0.83740018938181,0.8382912840405902,0.0007339972215919288,0.7640577979218753,0.7762778611345932,0.7602028219952434,0.7631763127798352,0.7659286984578868,0.0061434258584029885,8,0.7943526390965681,0.8060068820814033,0.7929162343635767,0.7909520401325381,0.7960569489185215,0.005870051608458693
5.8873502016067505,0.21448564276286475,0.5986835360527039,0.016260375796118356,gini,3200,5,"{'model__criterion': 'gini', 'model__max_leaf_nodes': 3200, 'model__min_samples_leaf': 5}",0.8020222318476452,0.7998463642245541,0.7969314731662891,0.8075032707963804,0.8015758350087172,0.003869590781702608,13,0.8338935511280188,0.8334474416529514,0.8313267054830609,0.8323624983657275,0.8327575491574396,0.0009962217224424995,0.7637826090519886,0.771013639086494,0.7590882460699548,0.7671359558084252,0.7652551125042157,0.004384538401263855,9,0.7936586678726356,0.8039639814143571,0.792190881212318,0.7931941530651514,0.7957519208911155,0.00477081822338333
5.414002180099487,0.17839977285061132,0.2816951274871826,0.5418596479914037,gini,,5,"{'model__criterion': 'gini', 'model__max_leaf_nodes': None, 'model__min_samples_leaf': 5}",0.801144956130309,0.7990838713836494,0.7962710194320761,0.8080225918546259,0.8011306097001651,0.004338904791173177,14,0.8339953415757502,0.8334266137906208,0.8313120856000199,0.8323560006399315,0.8327725104015806,0.00102828598972238,0.7628920842862668,0.7703069383829768,0.7596620050931236,0.7674397281848503,0.7650751889868044,0.0040936155585179265,10,0.793471155795765,0.8039798917801418,0.7920904603950303,0.793150213496812,0.7956729303669372,0.004823163139713405
5.651983261108398,0.16455597721316703,0.5657082200050354,0.08035539507046577,entropy,,7,"{'model__criterion': 'entropy', 'model__max_leaf_nodes': None, 'model__min_samples_leaf': 7}",0.8005427235314205,0.7999364957192925,0.8005097700793038,0.807794956855053,0.8021959865462674,0.003241541758390831,10,0.8288815697548778,0.8287781734663333,0.83071946808676,0.8295757971609099,0.8294887521172203,0.0007739236198661913,0.7631792121942946,0.7712737178697302,0.7598576987786076,0.7625624788487348,0.7642182769228418,0.004260727974165012,11,0.7872667171133897,0.7968224999490927,0.7877926190405389,0.786149918462331,0.7895079386413381,0.00426451937261825
5.906764268875122,0.7458346977088282,0.5958445072174072,0.038953359320563485,entropy,3200,7,"{'model__criterion': 'entropy', 'model__max_leaf_nodes': 3200, 'model__min_samples_leaf': 7}",0.8002482005850979,0.7990965733192439,0.8002632563881212,0.8076442828326178,0.8018130782812702,0.0033997476315467813,11,0.8288831941863268,0.8287920798819473,0.830712970360964,0.829608987124042,0.82949930788832,0.0007688910324348104,0.7620384742288175,0.7709239536169284,0.7596736238144612,0.7627026009853244,0.7638346631613828,0.004245001385796359,12,0.7872727099042394,0.7967937981797957,0.7878166178741063,0.786246200342411,0.789532331575138,0.004230163097587529
5.369068503379822,0.16625985860991735,0.5455938577651978,0.03506900947323847,gini,1600,3,"{'model__criterion': 'gini', 'model__max_leaf_nodes': 1600, 'model__min_samples_leaf': 3}",0.8011493534742178,0.8004287001468647,0.8021712418863582,0.8090060961794638,0.8031888479217262,0.0034151812790779957,9,0.8322392596272852,0.8353779872134461,0.8352908461828066,0.8316641215270053,0.8336430536376358,0.0017038210518108396,0.760962625176878,0.7683247152674969,0.7604803023437723,0.7646731331739192,0.7636101939905167,0.0031686903020816132,13,0.789980699398884,0.8031650463421555,0.7925706607841209,0.7898725299178012,0.7938972341107403,0.005458700127720498
5.583742737770081,0.6258586563652508,0.5956726670265198,0.043501628367281435,entropy,1600,7,"{'model__criterion': 'entropy', 'model__max_leaf_nodes': 1600, 'model__min_samples_leaf': 7}",0.8002866785787954,0.7989614567669963,0.7999287395404464,0.8072115944663725,0.8015971173381526,0.0032775674778544516,12,0.828465675526329,0.8281958737625602,0.8300144250602906,0.829059969071889,0.8289339858552672,0.0006977364603151317,0.7616667218857209,0.7702006415166306,0.758813658292732,0.7618612124462945,0.7631355585353444,0.004253694226713625,14,0.7864940238767126,0.7956325117535532,0.7866085790062337,0.7854332868783305,0.7885421003787074,0.0041192164637375
5.367344617843628,0.13564682043932744,0.5535558462142944,0.03706917507736568,gini,1600,5,"{'model__criterion': 'gini', 'model__max_leaf_nodes': 1600, 'model__min_samples_leaf': 5}",0.8011348846001041,0.7983531803807722,0.7959682877483529,0.805542233551399,0.8002496465701571,0.0035609598668124554,15,0.8292216941888719,0.8299103675637004,0.8274469166801308,0.8279024237716801,0.8286203505510958,0.0009897125812114824,0.7602796522557171,0.7674301502443064,0.7563465442676545,0.7617977522183493,0.7614635247465069,0.0039779822501279085,15,0.7865885855740493,0.7982205379763727,0.7863172228236872,0.7865478939336834,0.7894185600769481,0.005082877814131639
4.82193911075592,0.4612209216718729,0.5456599593162537,0.05515697768420945,gini,,7,"{'model__criterion': 'gini', 'model__max_leaf_nodes': None, 'model__min_samples_leaf': 7}",0.7965764010779418,0.7943084489804095,0.7949969420623539,0.8013846756864291,0.7968166169517836,0.0027625616529348453,18,0.82490535918526,0.8258937606041359,0.8247019324580072,0.8232939853532635,0.8246987594001667,0.0009279158824803705,0.7536808085655805,0.7632188806978399,0.7571858311399611,0.7550666653783732,0.7572880464454387,0.003644583030510164,16,0.7805681451531457,0.7916451459285725,0.7828913461331302,0.7779351066051621,0.7832599359550025,0.005148959848443389
5.559260189533234,0.6544349432131584,0.5804906487464905,0.057335632278430394,gini,3200,7,"{'model__criterion': 'gini', 'model__max_leaf_nodes': 3200, 'model__min_samples_leaf': 7}",0.7960723238403955,0.7961698824151,0.7949776722787271,0.8011775532011653,0.797099357933847,0.002400622337362815,17,0.8249280614479393,0.8258937606041359,0.8246759813324298,0.8232599120704411,0.8246894288637365,0.0009422127612153766,0.7535583162615521,0.7644603435390983,0.7567472396749597,0.7542780989480832,0.7572609996059233,0.004321517748952164,17,0.7804925540290153,0.7916451459285725,0.7828858980601419,0.7779533518330856,0.7832442374627038,0.005154340468097477
4.366051554679871,0.6524784475804414,0.5604106187820435,0.021127552025917515,gini,1600,7,"{'model__criterion': 'gini', 'model__max_leaf_nodes': 1600, 'model__min_samples_leaf': 7}",0.7960902297413561,0.7960403290442901,0.795041657287022,0.8013148638010692,0.7971217699684343,0.002456750616624899,16,0.8242003161587904,0.8254405442298669,0.8238296525475046,0.8225516201810736,0.8240055332793088,0.0010298050941076851,0.7528372841003824,0.763453099911735,0.7559894958010109,0.7536041273467369,0.7564710017899663,0.004195366954160368,18,0.7791956124040975,0.790599189190167,0.7815078276720722,0.7766940881527289,0.7819991793547665,0.005248942178046273
5.967174232006073,0.41568429033026905,0.5815656781196594,0.03930771904970614,entropy,800,3,"{'model__criterion': 'entropy', 'model__max_leaf_nodes': 800, 'model__min_samples_leaf': 3}",0.7939203287367619,0.7912460190274548,0.7937193398403413,0.7997599361827479,0.7946614059468264,0.003126362197342342,19,0.8144997475469204,0.8128953666020272,0.81631886231666,0.8119243393597584,0.8139095789563415,0.0016675392222597453,0.7452304541984863,0.7490315379815058,0.7347609882700163,0.7384343971792,0.7418643444073022,0.005588415814367552,19,0.761664236125221,0.7655615560369059,0.7553207550043681,0.7531539155489009,0.758925115678849,0.004945788315765174
6.537735104560852,0.5734729849091771,0.6258853077888489,0.05594885388309883,gini,800,3,"{'model__criterion': 'gini', 'model__max_leaf_nodes': 800, 'model__min_samples_leaf': 3}",0.7867480817272379,0.7863930989982422,0.7918847705635026,0.7974800541290472,0.7906265013545075,0.004514373194335213,23,0.8081592684008152,0.8137279147289622,0.8138921617349633,0.8128861983075826,0.8121663857930808,0.0023447705149228395,0.7373284146715822,0.7470379605853916,0.7416779407367825,0.7360168338975884,0.7405152874728362,0.004309561171553626,20,0.7569128317887472,0.7707052247011599,0.759630270174176,0.7525000288480922,0.7599370888780439,0.006717568005859396
5.518877744674683,0.7351267285648814,0.6005486845970154,0.04930532519739468,entropy,800,5,"{'model__criterion': 'entropy', 'model__max_leaf_nodes': 800, 'model__min_samples_leaf': 5}",0.793275930410828,0.7918781777886248,0.7917246422259747,0.7978770598507212,0.7936889525690372,0.002492400967706957,20,0.813163843224739,0.8119741476564242,0.8152075406510473,0.8124367692941996,0.8131955752066025,0.001236596492529503,0.7448710994771097,0.7456782291777362,0.7321520955126303,0.7356883596743906,0.7395974459604666,0.0058202565414274,21,0.7610524270435786,0.7609675850567432,0.7545782377831161,0.7526152044194003,0.7573033635757096,0.003771178290949757
5.2135332226753235,0.15915313444004492,0.5714730620384216,0.029688819797424944,gini,800,5,"{'model__criterion': 'gini', 'model__max_leaf_nodes': 800, 'model__min_samples_leaf': 5}",0.7893139582970594,0.7893975247637521,0.7899694474659711,0.7966194052790758,0.7913250839514646,0.0030670710547989295,22,0.8090506222007591,0.8142967765111196,0.8112485943355598,0.8123713504576082,0.8117418358762618,0.001898020582110644,0.7337352066721538,0.7496723247100416,0.737841228086648,0.7369616011339946,0.7395525901507095,0.006039307954703108,22,0.7512850184516648,0.7719646741936121,0.756552254992835,0.7538179688537776,0.7584049791229723,0.008047242078528987
5.292787790298462,0.4468021189350385,0.6075993776321411,0.05136312810917824,entropy,800,7,"{'model__criterion': 'entropy', 'model__max_leaf_nodes': 800, 'model__min_samples_leaf': 7}",0.7924164197496903,0.7895521302776789,0.7911064373946615,0.7997438475848901,0.7932047087517302,0.003909149793339831,21,0.8123819357112363,0.8107974117778545,0.8141272907247123,0.812716210938471,0.8125057122880686,0.0011840014339285449,0.7420544181881351,0.7452437147009697,0.7320337748402587,0.7380884928319726,0.739355100140334,0.004928696521141099,23,0.7576205614194187,0.7619126931780626,0.7530110573581101,0.7536433642175842,0.7565469190432939,0.0035664123604757596
4.961838245391846,0.6716004848579227,0.5922465324401855,0.03829157075052178,gini,800,7,"{'model__criterion': 'gini', 'model__max_leaf_nodes': 800, 'model__min_samples_leaf': 7}",0.7881419460933617,0.7881455112173594,0.7883724549791111,0.7959144338981767,0.7901435865470022,0.003333108748222725,24,0.8075182373761189,0.8132415645889303,0.8097683733658131,0.8093397127617952,0.8099669720231644,0.0020707579198861667,0.7361534270680041,0.7460817308624247,0.7376119835278405,0.7369988687407042,0.7392115025497434,0.004000189751584133,24,0.7549981814914697,0.7686010983760019,0.7557549331204452,0.7523440492425542,0.7579245655576177,0.006292883758257437
